State,Filed week ended,Initial Claims,Reflecting Week Ended,Continued Claims,Covered Employment,Insured Unemployment Rate,,,
Texas,1/8/2000,"18,872",1/1/2000,"123,890","8,738,970",1.42,,,
Texas,1/15/2000,"15,218",1/8/2000,"124,372","8,738,970",1.42,,,
Texas,1/22/2000,"14,151",1/15/2000,"119,713","8,738,970",1.37,,,
Texas,1/29/2000,"12,024",1/22/2000,"121,715","8,738,970",1.39,,,
Texas,2/5/2000,"13,771",1/29/2000,"115,755","8,738,970",1.32,,,
Texas,2/12/2000,"12,411",2/5/2000,"117,332","8,738,970",1.34,,,
Texas,2/19/2000,"11,631",2/12/2000,"117,264","8,738,970",1.34,,,
Texas,2/26/2000,"12,097",2/19/2000,"113,350","8,738,970",1.3,,,
Texas,3/4/2000,"11,382",2/26/2000,"114,022","8,738,970",1.3,,,
Texas,3/11/2000,"12,074",3/4/2000,"110,489","8,738,970",1.26,,,
Texas,3/18/2000,"13,925",3/11/2000,"111,810","8,738,970",1.28,,,
Texas,3/25/2000,"11,611",3/18/2000,"109,670","8,738,970",1.25,,,
Texas,4/1/2000,"10,863",3/25/2000,"109,261","8,738,970",1.25,,,
Texas,4/8/2000,"14,913",4/1/2000,"105,754","8,786,684",1.2,,,
Texas,4/15/2000,"12,329",4/8/2000,"104,209","8,786,684",1.19,,,
Texas,4/22/2000,"11,431",4/15/2000,"106,390","8,786,684",1.21,,,
Texas,4/29/2000,"11,740",4/22/2000,"100,427","8,786,684",1.14,,,
Texas,5/6/2000,"12,480",4/29/2000,"103,131","8,786,684",1.17,,,
Texas,5/13/2000,"12,827",5/6/2000,"98,878","8,786,684",1.13,,,
Texas,5/20/2000,"13,320",5/13/2000,"100,719","8,786,684",1.15,,,
Texas,5/27/2000,"13,447",5/20/2000,"98,406","8,786,684",1.12,,,
Texas,6/3/2000,"15,081",5/27/2000,"102,600","8,786,684",1.17,,,
Texas,6/10/2000,"12,683",6/3/2000,"101,106","8,786,684",1.15,,,
Texas,6/17/2000,"12,959",6/10/2000,"106,976","8,786,684",1.22,,,
Texas,6/24/2000,"12,720",6/17/2000,"103,952","8,786,684",1.18,,,
Texas,7/1/2000,"14,279",6/24/2000,"107,326","8,786,684",1.22,,,
Texas,7/8/2000,"15,123",7/1/2000,"101,435","8,830,252",1.15,,,
Texas,7/15/2000,"11,551",7/8/2000,"111,435","8,830,252",1.26,,,
Texas,7/22/2000,"12,814",7/15/2000,"108,244","8,830,252",1.23,,,
Texas,7/29/2000,"12,071",7/22/2000,"108,929","8,830,252",1.23,,,
Texas,8/5/2000,"14,270",7/29/2000,"109,307","8,830,252",1.24,,,
Texas,8/12/2000,"12,547",8/5/2000,"106,539","8,830,252",1.21,,,
Texas,8/19/2000,"13,007",8/12/2000,"108,690","8,830,252",1.23,,,
Texas,8/26/2000,"12,761",8/19/2000,"103,024","8,830,252",1.17,,,
Texas,9/2/2000,"15,067",8/26/2000,"102,877","8,830,252",1.17,,,
Texas,9/9/2000,"13,480",9/2/2000,"97,928","8,830,252",1.11,,,
Texas,9/16/2000,"11,944",9/9/2000,"102,147","8,830,252",1.16,,,
Texas,9/23/2000,"11,577",9/16/2000,"98,302","8,830,252",1.11,,,
Texas,9/30/2000,"11,968",9/23/2000,"98,720","8,830,252",1.12,,,
Texas,10/7/2000,"17,593",9/30/2000,"96,537","8,879,290",1.09,,,
Texas,10/14/2000,"14,105",10/7/2000,"95,680","8,879,290",1.08,,,
Texas,10/21/2000,"13,113",10/14/2000,"102,267","8,879,290",1.15,,,
Texas,10/28/2000,"13,421",10/21/2000,"98,145","8,879,290",1.11,,,
Texas,11/4/2000,"14,710",10/28/2000,"101,459","8,879,290",1.14,,,
Texas,11/11/2000,"16,914",11/4/2000,"98,583","8,879,290",1.11,,,
Texas,11/18/2000,"18,344",11/11/2000,"107,335","8,879,290",1.21,,,
Texas,11/25/2000,"13,055",11/18/2000,"100,405","8,879,290",1.13,,,
Texas,12/2/2000,"14,514",11/25/2000,"119,735","8,879,290",1.35,,,
Texas,12/9/2000,"14,971",12/2/2000,"105,509","8,879,290",1.19,,,
Texas,12/16/2000,"14,545",12/9/2000,"116,638","8,879,290",1.31,,,
Texas,12/23/2000,"15,346",12/16/2000,"108,763","8,879,290",1.22,,,
Texas,12/30/2000,"17,745",12/23/2000,"114,884","8,879,290",1.29,,,
Texas,1/6/2001,"12,071",12/30/2000,"121,953","8,879,290",1.37,,,
Texas,1/13/2001,"18,541",1/6/2001,"123,437","8,951,457",1.38,,,
Texas,1/20/2001,"16,796",1/13/2001,"118,692","8,951,457",1.33,,,
Texas,1/27/2001,"14,859",1/20/2001,"126,450","8,951,457",1.41,,,
Texas,2/3/2001,"15,456",1/27/2001,"118,875","8,951,457",1.33,,,
Texas,2/10/2001,"14,792",2/3/2001,"125,272","8,951,457",1.4,,,
Texas,2/17/2001,"13,916",2/10/2001,"116,574","8,951,457",1.3,,,
Texas,2/24/2001,"14,885",2/17/2001,"124,130","8,951,457",1.39,,,
Texas,3/3/2001,"13,809",2/24/2001,"121,957","8,951,457",1.36,,,
Texas,3/10/2001,"17,274",3/3/2001,"126,103","8,951,457",1.41,,,
Texas,3/17/2001,"16,092",3/10/2001,"122,619","8,951,457",1.37,,,
Texas,3/24/2001,"16,028",3/17/2001,"128,070","8,951,457",1.43,,,
Texas,3/31/2001,"16,466",3/24/2001,"125,400","8,951,457",1.4,,,
Texas,4/7/2001,"20,182",3/31/2001,"128,648","8,951,457",1.44,,,
Texas,4/14/2001,"15,175",4/7/2001,"123,866","9,026,478",1.37,,,
Texas,4/21/2001,"17,253",4/14/2001,"134,810","9,026,478",1.49,,,
Texas,4/28/2001,"16,557",4/21/2001,"125,857","9,026,478",1.39,,,
Texas,5/5/2001,"18,143",4/28/2001,"137,761","9,026,478",1.53,,,
Texas,5/12/2001,"16,852",5/5/2001,"127,110","9,026,478",1.41,,,
Texas,5/19/2001,"18,701",5/12/2001,"140,617","9,026,478",1.56,,,
Texas,5/26/2001,"17,254",5/19/2001,"131,779","9,026,478",1.46,,,
Texas,6/2/2001,"19,196",5/26/2001,"145,358","9,026,478",1.61,,,
Texas,6/9/2001,"16,879",6/2/2001,"139,449","9,026,478",1.54,,,
Texas,6/16/2001,"17,372",6/9/2001,"150,574","9,026,478",1.67,,,
Texas,6/23/2001,"17,415",6/16/2001,"146,834","9,026,478",1.63,,,
Texas,6/30/2001,"21,124",6/23/2001,"156,014","9,026,478",1.73,,,
Texas,7/7/2001,"20,157",6/30/2001,"146,458","9,026,478",1.62,,,
Texas,7/14/2001,"17,211",7/7/2001,"161,320","9,094,408",1.77,,,
Texas,7/21/2001,"17,533",7/14/2001,"160,647","9,094,408",1.77,,,
Texas,7/28/2001,"17,491",7/21/2001,"163,115","9,094,408",1.79,,,
Texas,8/4/2001,"18,387",7/28/2001,"160,884","9,094,408",1.77,,,
Texas,8/11/2001,"16,267",8/4/2001,"163,190","9,094,408",1.79,,,
Texas,8/18/2001,"16,933",8/11/2001,"161,556","9,094,408",1.78,,,
Texas,8/25/2001,"17,223",8/18/2001,"163,561","9,094,408",1.8,,,
Texas,9/1/2001,"18,527",8/25/2001,"160,424","9,094,408",1.76,,,
Texas,9/8/2001,"18,693",9/1/2001,"157,465","9,094,408",1.73,,,
Texas,9/15/2001,"14,837",9/8/2001,"159,593","9,094,408",1.75,,,
Texas,9/22/2001,"18,562",9/15/2001,"159,865","9,094,408",1.76,,,
Texas,9/29/2001,"21,217",9/22/2001,"157,005","9,094,408",1.73,,,
Texas,10/6/2001,"22,852",9/29/2001,"161,505","9,094,408",1.78,,,
Texas,10/13/2001,"24,492",10/6/2001,"161,130","9,149,677",1.76,,,
Texas,10/20/2001,"22,297",10/13/2001,"170,841","9,149,677",1.87,,,
Texas,10/27/2001,"23,465",10/20/2001,"174,610","9,149,677",1.91,,,
Texas,11/3/2001,"22,477",10/27/2001,"177,032","9,149,677",1.93,,,
Texas,11/10/2001,"24,444",11/3/2001,"184,100","9,149,677",2.01,,,
Texas,11/17/2001,"20,092",11/10/2001,"183,558","9,149,677",2.01,,,
Texas,11/24/2001,"23,866",11/17/2001,"184,466","9,149,677",2.02,,,
Texas,12/1/2001,"19,123",11/24/2001,"203,048","9,149,677",2.22,,,
Texas,12/8/2001,"26,019",12/1/2001,"200,898","9,149,677",2.2,,,
Texas,12/15/2001,"22,536",12/8/2001,"204,863","9,149,677",2.24,,,
Texas,12/22/2001,"26,735",12/15/2001,"207,534","9,149,677",2.27,,,
Texas,12/29/2001,"17,437",12/22/2001,"196,848","9,149,677",2.15,,,
Texas,1/5/2002,"17,031",12/29/2001,"227,754","9,149,677",2.49,,,
Texas,1/12/2002,"26,115",1/5/2002,"216,732","9,187,071",2.36,,,
Texas,1/19/2002,"22,875",1/12/2002,"227,661","9,187,071",2.48,,,
Texas,1/26/2002,"21,413",1/19/2002,"212,424","9,187,071",2.31,,,
Texas,2/2/2002,"18,836",1/26/2002,"221,053","9,187,071",2.41,,,
Texas,2/9/2002,"20,255",2/2/2002,"210,146","9,187,071",2.29,,,
Texas,2/16/2002,"17,778",2/9/2002,"217,532","9,187,071",2.37,,,
Texas,2/23/2002,"19,044",2/16/2002,"208,540","9,187,071",2.27,,,
Texas,3/2/2002,"16,489",2/23/2002,"214,055","9,187,071",2.33,,,
Texas,3/9/2002,"19,582",3/2/2002,"205,332","9,187,071",2.24,,,
Texas,3/16/2002,"19,250",3/9/2002,"211,517","9,187,071",2.3,,,
Texas,3/23/2002,"18,092",3/16/2002,"206,939","9,187,071",2.25,,,
Texas,3/30/2002,"16,717",3/23/2002,"204,789","9,187,071",2.23,,,
Texas,4/6/2002,"20,763",3/30/2002,"198,422","9,187,071",2.16,,,
Texas,4/13/2002,"20,552",4/6/2002,"197,887","9,194,742",2.15,,,
Texas,4/20/2002,"21,639",4/13/2002,"197,535","9,194,742",2.15,,,
Texas,4/27/2002,"22,731",4/20/2002,"195,680","9,194,742",2.13,,,
Texas,5/4/2002,"24,868",4/27/2002,"196,449","9,194,742",2.14,,,
Texas,5/11/2002,"22,837",5/4/2002,"199,530","9,194,742",2.17,,,
Texas,5/18/2002,"22,851",5/11/2002,"200,870","9,194,742",2.18,,,
Texas,5/25/2002,"20,685",5/18/2002,"200,482","9,194,742",2.18,,,
Texas,6/1/2002,"20,331",5/25/2002,"198,257","9,194,742",2.16,,,
Texas,6/8/2002,"22,437",6/1/2002,"200,975","9,194,742",2.19,,,
Texas,6/15/2002,"20,326",6/8/2002,"197,341","9,194,742",2.15,,,
Texas,6/22/2002,"19,453",6/15/2002,"205,513","9,194,742",2.24,,,
Texas,6/29/2002,"21,639",6/22/2002,"197,366","9,194,742",2.15,,,
Texas,7/6/2002,"24,235",6/29/2002,"194,956","9,194,742",2.12,,,
Texas,7/13/2002,"18,599",7/6/2002,"204,163","9,176,058",2.22,,,
Texas,7/20/2002,"20,075",7/13/2002,"206,367","9,176,058",2.25,,,
Texas,7/27/2002,"19,427",7/20/2002,"205,120","9,176,058",2.24,,,
Texas,8/3/2002,"22,072",7/27/2002,"203,119","9,176,058",2.21,,,
Texas,8/10/2002,"19,451",8/3/2002,"202,388","9,176,058",2.21,,,
Texas,8/17/2002,"18,887",8/10/2002,"200,879","9,176,058",2.19,,,
Texas,8/24/2002,"19,441",8/17/2002,"199,281","9,176,058",2.17,,,
Texas,8/31/2002,"18,928",8/24/2002,"195,683","9,176,058",2.13,,,
Texas,9/7/2002,"21,763",8/31/2002,"188,960","9,176,058",2.06,,,
Texas,9/14/2002,"17,444",9/7/2002,"193,058","9,176,058",2.1,,,
Texas,9/21/2002,"19,077",9/14/2002,"191,043","9,176,058",2.08,,,
Texas,9/28/2002,"19,335",9/21/2002,"188,859","9,176,058",2.06,,,
Texas,10/5/2002,"20,631",9/28/2002,"187,153","9,176,058",2.04,,,
Texas,10/12/2002,"21,609",10/5/2002,"186,092","9,142,687",2.04,,,
Texas,10/19/2002,"20,677",10/12/2002,"186,774","9,142,687",2.04,,,
Texas,10/26/2002,"20,503",10/19/2002,"190,849","9,142,687",2.09,,,
Texas,11/2/2002,"23,245",10/26/2002,"188,621","9,142,687",2.06,,,
Texas,11/9/2002,"22,220",11/2/2002,"194,115","9,142,687",2.12,,,
Texas,11/16/2002,"21,220",11/9/2002,"192,545","9,142,687",2.11,,,
Texas,11/23/2002,"21,318",11/16/2002,"199,282","9,142,687",2.18,,,
Texas,11/30/2002,"21,382",11/23/2002,"177,688","9,142,687",1.94,,,
Texas,12/7/2002,"18,090",11/30/2002,"218,444","9,142,687",2.39,,,
Texas,12/14/2002,"21,263",12/7/2002,"193,141","9,142,687",2.11,,,
Texas,12/21/2002,"23,854",12/14/2002,"212,294","9,142,687",2.32,,,
Texas,12/28/2002,"20,716",12/21/2002,"183,520","9,142,687",2.01,,,
Texas,1/4/2003,"14,384",12/28/2002,"217,834","9,142,687",2.38,,,
Texas,1/11/2003,"26,623",1/4/2003,"203,907","9,112,183",2.24,,,
Texas,1/18/2003,"23,836",1/11/2003,"218,417","9,112,183",2.4,,,
Texas,1/25/2003,"19,481",1/18/2003,"202,577","9,112,183",2.22,,,
Texas,2/1/2003,"18,044",1/25/2003,"213,536","9,112,183",2.34,,,
Texas,2/8/2003,"21,984",2/1/2003,"199,105","9,112,183",2.19,,,
Texas,2/15/2003,"21,274",2/8/2003,"209,615","9,112,183",2.3,,,
Texas,2/22/2003,"19,950",2/15/2003,"200,947","9,112,183",2.21,,,
Texas,3/1/2003,"15,848",2/22/2003,"210,330","9,112,183",2.31,,,
Texas,3/8/2003,"22,310",3/1/2003,"200,770","9,112,183",2.2,,,
Texas,3/15/2003,"24,178",3/8/2003,"206,496","9,112,183",2.27,,,
Texas,3/22/2003,"20,662",3/15/2003,"202,289","9,112,183",2.22,,,
Texas,3/29/2003,"20,336",3/22/2003,"205,731","9,112,183",2.26,,,
Texas,4/5/2003,"22,242",3/29/2003,"197,684","9,112,183",2.17,,,
Texas,4/12/2003,"23,581",4/5/2003,"199,200","9,089,816",2.19,,,
Texas,4/19/2003,"20,169",4/12/2003,"198,224","9,089,816",2.18,,,
Texas,4/26/2003,"20,596",4/19/2003,"203,247","9,089,816",2.24,,,
Texas,5/3/2003,"20,973",4/26/2003,"200,414","9,089,816",2.2,,,
Texas,5/10/2003,"20,033",5/3/2003,"200,553","9,089,816",2.21,,,
Texas,5/17/2003,"20,214",5/10/2003,"200,570","9,089,816",2.21,,,
Texas,5/24/2003,"20,923",5/17/2003,"199,746","9,089,816",2.2,,,
Texas,5/31/2003,"21,303",5/24/2003,"198,910","9,089,816",2.19,,,
Texas,6/7/2003,"22,545",5/31/2003,"203,549","9,089,816",2.24,,,
Texas,6/14/2003,"20,504",6/7/2003,"201,407","9,089,816",2.22,,,
Texas,6/21/2003,"19,904",6/14/2003,"212,057","9,089,816",2.33,,,
Texas,6/28/2003,"21,806",6/21/2003,"205,079","9,089,816",2.26,,,
Texas,7/5/2003,"23,377",6/28/2003,"203,782","9,089,816",2.24,,,
Texas,7/12/2003,"19,925",7/5/2003,"212,527","9,080,753",2.34,,,
Texas,7/19/2003,"19,559",7/12/2003,"211,440","9,080,753",2.33,,,
Texas,7/26/2003,"18,779",7/19/2003,"214,005","9,080,753",2.36,,,
Texas,8/2/2003,"18,705",7/26/2003,"208,133","9,080,753",2.29,,,
Texas,8/9/2003,"19,217",8/2/2003,"208,243","9,080,753",2.29,,,
Texas,8/16/2003,"18,321",8/9/2003,"203,004","9,080,753",2.24,,,
Texas,8/23/2003,"19,363",8/16/2003,"205,783","9,080,753",2.27,,,
Texas,8/30/2003,"18,776",8/23/2003,"196,501","9,080,753",2.16,,,
Texas,9/6/2003,"19,046",8/30/2003,"194,357","9,080,753",2.14,,,
Texas,9/13/2003,"16,712",9/6/2003,"192,338","9,080,753",2.12,,,
Texas,9/20/2003,"18,596",9/13/2003,"191,765","9,080,753",2.11,,,
Texas,9/27/2003,"17,610",9/20/2003,"187,276","9,080,753",2.06,,,
Texas,10/4/2003,"19,231",9/27/2003,"186,581","9,080,753",2.05,,,
Texas,10/11/2003,"21,607",10/4/2003,"181,722","9,070,547",2,,,
Texas,10/18/2003,"19,192",10/11/2003,"184,318","9,070,547",2.03,,,
Texas,10/25/2003,"20,444",10/18/2003,"184,621","9,070,547",2.04,,,
Texas,11/1/2003,"19,936",10/25/2003,"183,438","9,070,547",2.02,,,
Texas,11/8/2003,"21,311",11/1/2003,"185,694","9,070,547",2.05,,,
Texas,11/15/2003,"19,829",11/8/2003,"182,456","9,070,547",2.01,,,
Texas,11/22/2003,"19,620",11/15/2003,"190,842","9,070,547",2.1,,,
Texas,11/29/2003,"19,907",11/22/2003,"168,524","9,070,547",1.86,,,
Texas,12/6/2003,"16,823",11/29/2003,"206,146","9,070,547",2.27,,,
Texas,12/13/2003,"18,684",12/6/2003,"181,109","9,070,547",2,,,
Texas,12/20/2003,"21,426",12/13/2003,"196,035","9,070,547",2.16,,,
Texas,12/27/2003,"21,838",12/20/2003,"162,480","9,070,547",1.79,,,
Texas,1/3/2004,"11,456",12/27/2003,"203,853","9,070,547",2.25,,,
Texas,1/10/2004,"25,141",1/3/2004,"186,170","9,034,023",2.06,,,
Texas,1/17/2004,"22,686",1/10/2004,"198,239","9,034,023",2.19,,,
Texas,1/24/2004,"19,298",1/17/2004,"186,361","9,034,023",2.06,,,
Texas,1/31/2004,"16,471",1/24/2004,"191,662","9,034,023",2.12,,,
Texas,2/7/2004,"19,673",1/31/2004,"179,060","9,034,023",1.98,,,
Texas,2/14/2004,"17,472",2/7/2004,"185,049","9,034,023",2.05,,,
Texas,2/21/2004,"17,073",2/14/2004,"178,567","9,034,023",1.98,,,
Texas,2/28/2004,"15,235",2/21/2004,"180,233","9,034,023",2,,,
Texas,3/6/2004,"18,113",2/28/2004,"174,225","9,034,023",1.93,,,
Texas,3/13/2004,"17,757",3/6/2004,"175,618","9,034,023",1.94,,,
Texas,3/20/2004,"16,786",3/13/2004,"170,325","9,034,023",1.89,,,
Texas,3/27/2004,"15,888",3/20/2004,"170,215","9,034,023",1.88,,,
Texas,4/3/2004,"17,053",3/27/2004,"164,580","9,034,023",1.82,,,
Texas,4/10/2004,"18,892",4/3/2004,"158,412","9,050,104",1.75,,,
Texas,4/17/2004,"16,672",4/10/2004,"161,811","9,050,104",1.79,,,
Texas,4/24/2004,"17,026",4/17/2004,"160,731","9,050,104",1.78,,,
Texas,5/1/2004,"16,816",4/24/2004,"158,089","9,050,104",1.75,,,
Texas,5/8/2004,"17,129",5/1/2004,"154,537","9,050,104",1.71,,,
Texas,5/15/2004,"17,675",5/8/2004,"152,586","9,050,104",1.69,,,
Texas,5/22/2004,"17,800",5/15/2004,"155,137","9,050,104",1.71,,,
Texas,5/29/2004,"20,274",5/22/2004,"151,484","9,050,104",1.67,,,
Texas,6/5/2004,"18,971",5/29/2004,"152,708","9,050,104",1.69,,,
Texas,6/12/2004,"15,567",6/5/2004,"154,727","9,050,104",1.71,,,
Texas,6/19/2004,"17,512",6/12/2004,"159,203","9,050,104",1.76,,,
Texas,6/26/2004,"16,432",6/19/2004,"155,347","9,050,104",1.72,,,
Texas,7/3/2004,"18,579",6/26/2004,"159,036","9,050,104",1.76,,,
Texas,7/10/2004,"20,493",7/3/2004,"153,872","9,061,080",1.7,,,
Texas,7/17/2004,"18,100",7/10/2004,"160,210","9,061,080",1.77,,,
Texas,7/24/2004,"17,107",7/17/2004,"162,201","9,061,080",1.79,,,
Texas,7/31/2004,"15,807",7/24/2004,"158,565","9,061,080",1.75,,,
Texas,8/7/2004,"17,473",7/31/2004,"156,080","9,061,080",1.72,,,
Texas,8/14/2004,"15,320",8/7/2004,"153,515","9,061,080",1.69,,,
Texas,8/21/2004,"16,415",8/14/2004,"153,907","9,061,080",1.7,,,
Texas,8/28/2004,"15,964",8/21/2004,"147,128","9,061,080",1.62,,,
Texas,9/4/2004,"17,626",8/28/2004,"146,365","9,061,080",1.62,,,
Texas,9/11/2004,"14,999",9/4/2004,"139,638","9,061,080",1.54,,,
Texas,9/18/2004,"15,277",9/11/2004,"145,924","9,061,080",1.61,,,
Texas,9/25/2004,"14,446",9/18/2004,"135,991","9,061,080",1.5,,,
Texas,10/2/2004,"15,181",9/25/2004,"140,424","9,061,080",1.55,,,
Texas,10/9/2004,"19,706",10/2/2004,"131,147","9,034,791",1.45,,,
Texas,10/16/2004,"17,306",10/9/2004,"133,924","9,034,791",1.48,,,
Texas,10/23/2004,"16,311",10/16/2004,"135,924","9,034,791",1.5,,,
Texas,10/30/2004,"16,572",10/23/2004,"134,899","9,034,791",1.49,,,
Texas,11/6/2004,"18,444",10/30/2004,"133,951","9,034,791",1.48,,,
Texas,11/13/2004,"18,665",11/6/2004,"131,376","9,034,791",1.45,,,
Texas,11/20/2004,"20,237",11/13/2004,"139,293","9,034,791",1.54,,,
Texas,11/27/2004,"15,988",11/20/2004,"123,521","9,034,791",1.37,,,
Texas,12/4/2004,"15,292",11/27/2004,"155,029","9,034,791",1.72,,,
Texas,12/11/2004,"16,250",12/4/2004,"133,595","9,034,791",1.48,,,
Texas,12/18/2004,"18,138",12/11/2004,"149,158","9,034,791",1.65,,,
Texas,12/25/2004,"18,676",12/18/2004,"131,271","9,034,791",1.45,,,
Texas,1/1/2005,"12,240",12/25/2004,"152,601","9,034,791",1.69,,,
Texas,1/8/2005,"24,996",1/1/2005,"145,621","9,043,045",1.61,,,
Texas,1/15/2005,"18,263",1/8/2005,"146,764","9,043,045",1.62,,,
Texas,1/22/2005,"14,663",1/15/2005,"148,293","9,043,045",1.64,,,
Texas,1/29/2005,"15,914",1/22/2005,"141,665","9,043,045",1.57,,,
Texas,2/5/2005,"15,981",1/29/2005,"137,958","9,043,045",1.53,,,
Texas,2/12/2005,"14,787",2/5/2005,"135,026","9,043,045",1.49,,,
Texas,2/19/2005,"13,235",2/12/2005,"135,560","9,043,045",1.5,,,
Texas,2/26/2005,"13,892",2/19/2005,"129,567","9,043,045",1.43,,,
Texas,3/5/2005,"13,011",2/26/2005,"130,518","9,043,045",1.44,,,
Texas,3/12/2005,"16,010",3/5/2005,"124,072","9,043,045",1.37,,,
Texas,3/19/2005,"18,181",3/12/2005,"124,739","9,043,045",1.38,,,
Texas,3/26/2005,"14,035",3/19/2005,"124,439","9,043,045",1.38,,,
Texas,4/2/2005,"13,922",3/26/2005,"127,898","9,043,045",1.41,,,
Texas,4/9/2005,"17,212",4/2/2005,"115,620","9,066,286",1.28,,,
Texas,4/16/2005,"14,273",4/9/2005,"116,726","9,066,286",1.29,,,
Texas,4/23/2005,"17,247",4/16/2005,"118,150","9,066,286",1.3,,,
Texas,4/30/2005,"14,672",4/23/2005,"114,929","9,066,286",1.27,,,
Texas,5/7/2005,"15,249",4/30/2005,"116,245","9,066,286",1.28,,,
Texas,5/14/2005,"15,213",5/7/2005,"118,974","9,066,286",1.31,,,
Texas,5/21/2005,"16,925",5/14/2005,"115,015","9,066,286",1.27,,,
Texas,5/28/2005,"18,240",5/21/2005,"112,719","9,066,286",1.24,,,
Texas,6/4/2005,"17,248",5/28/2005,"117,190","9,066,286",1.29,,,
Texas,6/11/2005,"13,363",6/4/2005,"118,621","9,066,286",1.31,,,
Texas,6/18/2005,"14,344",6/11/2005,"122,059","9,066,286",1.35,,,
Texas,6/25/2005,"14,123",6/18/2005,"118,875","9,066,286",1.31,,,
Texas,7/2/2005,"16,980",6/25/2005,"121,726","9,066,286",1.34,,,
Texas,7/9/2005,"19,407",7/2/2005,"116,285","9,095,850",1.28,,,
Texas,7/16/2005,"13,040",7/9/2005,"123,916","9,095,850",1.36,,,
Texas,7/23/2005,"15,077",7/16/2005,"125,584","9,095,850",1.38,,,
Texas,7/30/2005,"13,931",7/23/2005,"124,297","9,095,850",1.37,,,
Texas,8/6/2005,"14,334",7/30/2005,"118,660","9,095,850",1.3,,,
Texas,8/13/2005,"14,140",8/6/2005,"118,683","9,095,850",1.3,,,
Texas,8/20/2005,"14,055",8/13/2005,"118,338","9,095,850",1.3,,,
Texas,8/27/2005,"13,687",8/20/2005,"113,708","9,095,850",1.25,,,
Texas,9/3/2005,"19,300",8/27/2005,"112,996","9,095,850",1.24,,,
Texas,9/10/2005,"22,806",9/3/2005,"106,312","9,095,850",1.17,,,
Texas,9/17/2005,"11,364",9/10/2005,"120,207","9,095,850",1.32,,,
Texas,9/24/2005,"11,110",9/17/2005,"123,005","9,095,850",1.35,,,
Texas,10/1/2005,"29,041",9/24/2005,"138,357","9,095,850",1.52,,,
Texas,10/8/2005,"30,949",10/1/2005,"142,660","9,137,795",1.56,,,
Texas,10/15/2005,"21,705",10/8/2005,"157,374","9,137,795",1.72,,,
Texas,10/22/2005,"17,625",10/15/2005,"145,417","9,137,795",1.59,,,
Texas,10/29/2005,"15,438",10/22/2005,"151,343","9,137,795",1.66,,,
Texas,11/5/2005,"15,469",10/29/2005,"140,653","9,137,795",1.54,,,
Texas,11/12/2005,"14,175",11/5/2005,"138,383","9,137,795",1.51,,,
Texas,11/19/2005,"17,553",11/12/2005,"143,037","9,137,795",1.57,,,
Texas,11/26/2005,"13,300",11/19/2005,"126,802","9,137,795",1.39,,,
Texas,12/3/2005,"12,806",11/26/2005,"138,753","9,137,795",1.52,,,
Texas,12/10/2005,"14,169",12/3/2005,"129,728","9,137,795",1.42,,,
Texas,12/17/2005,"14,323",12/10/2005,"145,323","9,137,795",1.59,,,
Texas,12/24/2005,"16,120",12/17/2005,"135,631","9,137,795",1.48,,,
Texas,12/31/2005,"12,334",12/24/2005,"141,790","9,137,795",1.55,,,
Texas,1/7/2006,"16,082",12/31/2005,"141,161","9,137,795",1.54,,,
Texas,1/14/2006,"15,283",1/7/2006,"142,607","8,776,992",1.62,,,
Texas,1/21/2006,"13,809",1/14/2006,"139,189","8,776,992",1.59,,,
Texas,1/28/2006,"11,757",1/21/2006,"139,563","8,776,992",1.59,,,
Texas,2/4/2006,"12,652",1/28/2006,"134,844","8,776,992",1.54,,,
Texas,2/11/2006,"12,027",2/4/2006,"133,149","8,776,992",1.52,,,
Texas,2/18/2006,"11,553",2/11/2006,"126,594","8,776,992",1.44,,,
Texas,2/25/2006,"11,596",2/18/2006,"119,225","8,776,992",1.36,,,
Texas,3/4/2006,"11,162",2/25/2006,"115,262","8,776,992",1.31,,,
Texas,3/11/2006,"14,049",3/4/2006,"112,901","8,776,992",1.29,,,
Texas,3/18/2006,"12,233",3/11/2006,"109,643","8,776,992",1.25,,,
Texas,3/25/2006,"10,884",3/18/2006,"108,739","8,776,992",1.24,,,
Texas,4/1/2006,"11,903",3/25/2006,"103,203","8,776,992",1.18,,,
Texas,4/8/2006,"14,287",4/1/2006,"100,564","8,752,536",1.15,,,
Texas,4/15/2006,"11,291",4/8/2006,"98,179","8,752,536",1.12,,,
Texas,4/22/2006,"12,473",4/15/2006,"100,959","8,752,536",1.15,,,
Texas,4/29/2006,"11,732",4/22/2006,"95,793","8,752,536",1.09,,,
Texas,5/6/2006,"13,090",4/29/2006,"98,734","8,752,536",1.13,,,
Texas,5/13/2006,"12,451",5/6/2006,"94,356","8,752,536",1.08,,,
Texas,5/20/2006,"13,087",5/13/2006,"99,665","8,752,536",1.14,,,
Texas,5/27/2006,"16,358",5/20/2006,"93,715","8,752,536",1.07,,,
Texas,6/3/2006,"14,222",5/27/2006,"99,357","8,752,536",1.14,,,
Texas,6/10/2006,"12,157",6/3/2006,"98,305","8,752,536",1.12,,,
Texas,6/17/2006,"12,550",6/10/2006,"104,610","8,752,536",1.2,,,
Texas,6/24/2006,"13,010",6/17/2006,"100,234","8,752,536",1.15,,,
Texas,7/1/2006,"13,811",6/24/2006,"105,922","8,752,536",1.21,,,
Texas,7/8/2006,"16,488",7/1/2006,"99,757","9,152,475",1.09,,,
Texas,7/15/2006,"11,773",7/8/2006,"108,011","9,152,475",1.18,,,
Texas,7/22/2006,"12,376",7/15/2006,"108,889","9,152,475",1.19,,,
Texas,7/29/2006,"13,122",7/22/2006,"107,955","9,152,475",1.18,,,
Texas,8/5/2006,"13,021",7/29/2006,"105,343","9,152,475",1.15,,,
Texas,8/12/2006,"12,159",8/5/2006,"106,487","9,152,475",1.16,,,
Texas,8/19/2006,"12,049",8/12/2006,"103,922","9,152,475",1.14,,,
Texas,8/26/2006,"12,222",8/19/2006,"100,046","9,152,475",1.09,,,
Texas,9/2/2006,"12,811",8/26/2006,"99,199","9,152,475",1.08,,,
Texas,9/9/2006,"11,981",9/2/2006,"96,091","9,152,475",1.05,,,
Texas,9/16/2006,"10,329",9/9/2006,"100,403","9,152,475",1.1,,,
Texas,9/23/2006,"11,119",9/16/2006,"95,149","9,152,475",1.04,,,
Texas,9/30/2006,"11,507",9/23/2006,"97,920","9,152,475",1.07,,,
Texas,10/7/2006,"13,144",9/30/2006,"91,757","9,152,475",1,,,
Texas,10/14/2006,"12,306",10/7/2006,"93,923","9,233,824",1.02,,,
Texas,10/21/2006,"12,120",10/14/2006,"93,940","9,233,824",1.02,,,
Texas,10/28/2006,"11,680",10/21/2006,"94,399","9,233,824",1.02,,,
Texas,11/4/2006,"14,075",10/28/2006,"93,857","9,233,824",1.02,,,
Texas,11/11/2006,"12,753",11/4/2006,"94,299","9,233,824",1.02,,,
Texas,11/18/2006,"14,953",11/11/2006,"95,469","9,233,824",1.03,,,
Texas,11/25/2006,"19,859",11/18/2006,"89,300","9,233,824",0.97,,,
Texas,12/2/2006,"14,252",11/25/2006,"106,899","9,233,824",1.16,,,
Texas,12/9/2006,"13,500",12/2/2006,"96,991","9,233,824",1.05,,,
Texas,12/16/2006,"13,302",12/9/2006,"105,314","9,233,824",1.14,,,
Texas,12/23/2006,"17,091",12/16/2006,"98,019","9,233,824",1.06,,,
Texas,12/30/2006,"11,423",12/23/2006,"102,783","9,233,824",1.11,,,
Texas,1/6/2007,"12,699",12/30/2006,"105,544","9,233,824",1.14,,,
Texas,1/13/2007,"16,331",1/6/2007,"109,477","9,238,010",1.19,,,
Texas,1/20/2007,"11,349",1/13/2007,"103,679","9,238,010",1.12,,,
Texas,1/27/2007,"14,371",1/20/2007,"108,150","9,238,010",1.17,,,
Texas,2/3/2007,"12,348",1/27/2007,"101,050","9,238,010",1.09,,,
Texas,2/10/2007,"11,851",2/3/2007,"104,820","9,238,010",1.13,,,
Texas,2/17/2007,"11,031",2/10/2007,"97,648","9,238,010",1.06,,,
Texas,2/24/2007,"10,477",2/17/2007,"100,400","9,238,010",1.09,,,
Texas,3/3/2007,"11,865",2/24/2007,"95,539","9,238,010",1.03,,,
Texas,3/10/2007,"14,702",3/3/2007,"97,862","9,238,010",1.06,,,
Texas,3/17/2007,"12,129",3/10/2007,"92,563","9,238,010",1,,,
Texas,3/24/2007,"11,644",3/17/2007,"99,961","9,238,010",1.08,,,
Texas,3/31/2007,"11,373",3/24/2007,"91,271","9,238,010",0.99,,,
Texas,4/7/2007,"13,540",3/31/2007,"93,274","9,238,010",1.01,,,
Texas,4/14/2007,"12,119",4/7/2007,"89,256","9,323,110",0.96,,,
Texas,4/21/2007,"12,512",4/14/2007,"95,730","9,323,110",1.03,,,
Texas,4/28/2007,"11,466",4/21/2007,"88,681","9,323,110",0.95,,,
Texas,5/5/2007,"12,506",4/28/2007,"94,215","9,323,110",1.01,,,
Texas,5/12/2007,"12,173",5/5/2007,"86,944","9,323,110",0.93,,,
Texas,5/19/2007,"12,751",5/12/2007,"92,958","9,323,110",1,,,
Texas,5/26/2007,"14,900",5/19/2007,"87,106","9,323,110",0.93,,,
Texas,6/2/2007,"12,984",5/26/2007,"91,740","9,323,110",0.98,,,
Texas,6/9/2007,"13,885",6/2/2007,"91,011","9,323,110",0.98,,,
Texas,6/16/2007,"12,433",6/9/2007,"95,501","9,323,110",1.02,,,
Texas,6/23/2007,"12,104",6/16/2007,"95,080","9,323,110",1.02,,,
Texas,6/30/2007,"12,664",6/23/2007,"97,982","9,323,110",1.05,,,
Texas,7/7/2007,"13,403",6/30/2007,"94,742","9,323,110",1.02,,,
Texas,7/14/2007,"12,719",7/7/2007,"100,563","9,410,041",1.07,,,
Texas,7/21/2007,"12,488",7/14/2007,"103,705","9,410,041",1.1,,,
Texas,7/28/2007,"11,496",7/21/2007,"102,871","9,410,041",1.09,,,
Texas,8/4/2007,"12,384",7/28/2007,"101,703","9,410,041",1.08,,,
Texas,8/11/2007,"12,694",8/4/2007,"102,292","9,410,041",1.09,,,
Texas,8/18/2007,"11,386",8/11/2007,"100,547","9,410,041",1.07,,,
Texas,8/25/2007,"11,539",8/18/2007,"100,097","9,410,041",1.06,,,
Texas,9/1/2007,"13,068",8/25/2007,"98,539","9,410,041",1.05,,,
Texas,9/8/2007,"10,598",9/1/2007,"93,014","9,410,041",0.99,,,
Texas,9/15/2007,"11,520",9/8/2007,"95,165","9,410,041",1.01,,,
Texas,9/22/2007,"11,439",9/15/2007,"91,903","9,410,041",0.98,,,
Texas,9/29/2007,"12,751",9/22/2007,"91,716","9,410,041",0.97,,,
Texas,10/6/2007,"12,528",9/29/2007,"90,738","9,410,041",0.96,,,
Texas,10/13/2007,"12,809",10/6/2007,"87,752","9,395,717",0.93,,,
Texas,10/20/2007,"11,912",10/13/2007,"90,875","9,395,717",0.97,,,
Texas,10/27/2007,"12,562",10/20/2007,"91,333","9,395,717",0.97,,,
Texas,11/3/2007,"12,983",10/27/2007,"93,133","9,395,717",0.99,,,
Texas,11/10/2007,"13,779",11/3/2007,"94,518","9,395,717",1.01,,,
Texas,11/17/2007,"14,876",11/10/2007,"94,868","9,395,717",1.01,,,
Texas,11/24/2007,"11,451",11/17/2007,"90,665","9,395,717",0.96,,,
Texas,12/1/2007,"14,542",11/24/2007,"107,619","9,395,717",1.15,,,
Texas,12/8/2007,"13,787",12/1/2007,"98,314","9,395,717",1.05,,,
Texas,12/15/2007,"13,545",12/8/2007,"105,543","9,395,717",1.12,,,
Texas,12/22/2007,"17,933",12/15/2007,"100,067","9,395,717",1.07,,,
Texas,12/29/2007,"9,309",12/22/2007,"101,777","9,395,717",1.08,,,
Texas,1/5/2008,"12,388",12/29/2007,"109,875","9,395,717",1.17,,,
Texas,1/12/2008,"16,181",1/5/2008,"114,125","9,521,337",1.2,,,
Texas,1/19/2008,"14,692",1/12/2008,"109,365","9,521,337",1.15,,,
Texas,1/26/2008,"11,805",1/19/2008,"109,296","9,521,337",1.15,,,
Texas,2/2/2008,"12,968",1/26/2008,"108,412","9,521,337",1.14,,,
Texas,2/9/2008,"12,714",2/2/2008,"105,710","9,521,337",1.11,,,
Texas,2/16/2008,"11,990",2/9/2008,"106,372","9,521,337",1.12,,,
Texas,2/23/2008,"11,881",2/16/2008,"105,395","9,521,337",1.11,,,
Texas,3/1/2008,"12,442",2/23/2008,"107,848","9,521,337",1.13,,,
Texas,3/8/2008,"13,072",3/1/2008,"105,313","9,521,337",1.11,,,
Texas,3/15/2008,"15,247",3/8/2008,"107,446","9,521,337",1.13,,,
Texas,3/22/2008,"12,700",3/15/2008,"105,187","9,521,337",1.1,,,
Texas,3/29/2008,"12,344",3/22/2008,"107,446","9,521,337",1.13,,,
Texas,4/5/2008,"14,721",3/29/2008,"103,573","9,521,337",1.09,,,
Texas,4/12/2008,"14,823",4/5/2008,"104,120","9,729,779",1.07,,,
Texas,4/19/2008,"16,760",4/12/2008,"104,805","9,729,779",1.08,,,
Texas,4/26/2008,"13,387",4/19/2008,"105,437","9,729,779",1.08,,,
Texas,5/3/2008,"13,463",4/26/2008,"110,232","9,729,779",1.13,,,
Texas,5/10/2008,"13,663",5/3/2008,"106,572","9,729,779",1.1,,,
Texas,5/17/2008,"13,705",5/10/2008,"109,298","9,729,779",1.12,,,
Texas,5/24/2008,"13,503",5/17/2008,"106,899","9,729,779",1.1,,,
Texas,5/31/2008,"14,513",5/24/2008,"109,886","9,729,779",1.13,,,
Texas,6/7/2008,"17,244",5/31/2008,"109,643","9,729,779",1.13,,,
Texas,6/14/2008,"14,580",6/7/2008,"110,729","9,729,779",1.14,,,
Texas,6/21/2008,"13,903",6/14/2008,"118,061","9,729,779",1.21,,,
Texas,6/28/2008,"15,440",6/21/2008,"115,019","9,729,779",1.18,,,
Texas,7/5/2008,"13,084",6/28/2008,"119,730","9,729,779",1.23,,,
Texas,7/12/2008,"15,782",7/5/2008,"120,095","9,890,368",1.21,,,
Texas,7/19/2008,"16,944",7/12/2008,"127,602","9,890,368",1.29,,,
Texas,7/26/2008,"13,744",7/19/2008,"123,535","9,890,368",1.25,,,
Texas,8/2/2008,"15,671",7/26/2008,"129,602","9,890,368",1.31,,,
Texas,8/9/2008,"15,261",8/2/2008,"124,027","9,890,368",1.25,,,
Texas,8/16/2008,"14,393",8/9/2008,"126,967","9,890,368",1.28,,,
Texas,8/23/2008,"16,465",8/16/2008,"125,839","9,890,368",1.27,,,
Texas,8/30/2008,"15,650",8/23/2008,"125,496","9,890,368",1.27,,,
Texas,9/6/2008,"12,395",8/30/2008,"120,705","9,890,368",1.22,,,
Texas,9/13/2008,"13,625",9/6/2008,"121,785","9,890,368",1.23,,,
Texas,9/20/2008,"35,860",9/13/2008,"116,371","9,890,368",1.18,,,
Texas,9/27/2008,"49,398",9/20/2008,"130,513","9,890,368",1.32,,,
Texas,10/4/2008,"31,480",9/27/2008,"148,560","9,890,368",1.5,,,
Texas,10/11/2008,"25,512",10/4/2008,"142,724","10,049,842",1.42,,,
Texas,10/18/2008,"24,679",10/11/2008,"139,136","10,049,842",1.38,,,
Texas,10/25/2008,"18,781",10/18/2008,"139,472","10,049,842",1.39,,,
Texas,11/1/2008,"19,982",10/25/2008,"140,768","10,049,842",1.4,,,
Texas,11/8/2008,"21,205",11/1/2008,"143,041","10,049,842",1.42,,,
Texas,11/15/2008,"20,697",11/8/2008,"144,994","10,049,842",1.44,,,
Texas,11/22/2008,"25,399",11/15/2008,"155,335","10,049,842",1.55,,,
Texas,11/29/2008,"18,270",11/22/2008,"145,257","10,049,842",1.45,,,
Texas,12/6/2008,"27,368",11/29/2008,"175,715","10,049,842",1.75,,,
Texas,12/13/2008,"24,785",12/6/2008,"160,963","10,049,842",1.6,,,
Texas,12/20/2008,"27,724",12/13/2008,"182,226","10,049,842",1.81,,,
Texas,12/27/2008,"14,492",12/20/2008,"160,274","10,049,842",1.59,,,
Texas,1/3/2009,"21,677",12/27/2008,"196,976","10,049,842",1.96,,,
Texas,1/10/2009,"30,830",1/3/2009,"189,013","10,193,247",1.85,,,
Texas,1/17/2009,"31,367",1/10/2009,"206,082","10,193,247",2.02,,,
Texas,1/24/2009,"24,183",1/17/2009,"202,492","10,193,247",1.99,,,
Texas,1/31/2009,"25,646",1/24/2009,"215,669","10,193,247",2.12,,,
Texas,2/7/2009,"29,038",1/31/2009,"206,279","10,193,247",2.02,,,
Texas,2/14/2009,"27,851",2/7/2009,"225,370","10,193,247",2.21,,,
Texas,2/21/2009,"26,829",2/14/2009,"223,184","10,193,247",2.19,,,
Texas,2/28/2009,"26,562",2/21/2009,"238,645","10,193,247",2.34,,,
Texas,3/7/2009,"30,569",2/28/2009,"239,186","10,193,247",2.35,,,
Texas,3/14/2009,"31,597",3/7/2009,"251,071","10,193,247",2.46,,,
Texas,3/21/2009,"26,775",3/14/2009,"255,582","10,193,247",2.51,,,
Texas,3/28/2009,"25,623",3/21/2009,"269,495","10,193,247",2.64,,,
Texas,4/4/2009,"29,357",3/28/2009,"268,407","10,193,247",2.63,,,
Texas,4/11/2009,"26,651",4/4/2009,"269,994","10,234,492",2.64,,,
Texas,4/18/2009,"24,333",4/11/2009,"280,385","10,234,492",2.74,,,
Texas,4/25/2009,"24,649",4/18/2009,"284,225","10,234,492",2.78,,,
Texas,5/2/2009,"25,239",4/25/2009,"287,836","10,234,492",2.81,,,
Texas,5/9/2009,"25,579",5/2/2009,"287,826","10,234,492",2.81,,,
Texas,5/16/2009,"25,596",5/9/2009,"292,144","10,234,492",2.85,,,
Texas,5/23/2009,"27,144",5/16/2009,"295,538","10,234,492",2.89,,,
Texas,5/30/2009,"24,258",5/23/2009,"292,580","10,234,492",2.86,,,
Texas,6/6/2009,"27,807",5/30/2009,"302,378","10,234,492",2.95,,,
Texas,6/13/2009,"26,456",6/6/2009,"297,829","10,234,492",2.91,,,
Texas,6/20/2009,"23,697",6/13/2009,"313,537","10,234,492",3.06,,,
Texas,6/27/2009,"23,453",6/20/2009,"305,663","10,234,492",2.99,,,
Texas,7/4/2009,"23,650",6/27/2009,"314,204","10,234,492",3.07,,,
Texas,7/11/2009,"25,376",7/4/2009,"308,982","10,256,771",3.01,,,
Texas,7/18/2009,"22,968",7/11/2009,"313,647","10,256,771",3.06,,,
Texas,7/25/2009,"22,578",7/18/2009,"313,137","10,256,771",3.05,,,
Texas,8/1/2009,"21,447",7/25/2009,"309,672","10,256,771",3.02,,,
Texas,8/8/2009,"23,016",8/1/2009,"304,750","10,256,771",2.97,,,
Texas,8/15/2009,"20,459",8/8/2009,"299,742","10,256,771",2.92,,,
Texas,8/22/2009,"19,927",8/15/2009,"295,488","10,256,771",2.88,,,
Texas,8/29/2009,"22,764",8/22/2009,"288,898","10,256,771",2.82,,,
Texas,9/5/2009,"21,955",8/29/2009,"281,380","10,256,771",2.74,,,
Texas,9/12/2009,"17,332",9/5/2009,"270,468","10,256,771",2.64,,,
Texas,9/19/2009,"21,278",9/12/2009,"276,553","10,256,771",2.7,,,
Texas,9/26/2009,"21,141",9/19/2009,"263,598","10,256,771",2.57,,,
Texas,10/3/2009,"22,432",9/26/2009,"270,309","10,256,771",2.64,,,
Texas,10/10/2009,"24,063",10/3/2009,"255,649","10,229,773",2.5,,,
Texas,10/17/2009,"21,720",10/10/2009,"263,436","10,229,773",2.58,,,
Texas,10/24/2009,"22,230",10/17/2009,"258,201","10,229,773",2.52,,,
Texas,10/31/2009,"23,195",10/24/2009,"260,140","10,229,773",2.54,,,
Texas,11/7/2009,"24,954",10/31/2009,"256,027","10,229,773",2.5,,,
Texas,11/14/2009,"20,244",11/7/2009,"254,048","10,229,773",2.48,,,
Texas,11/21/2009,"23,744",11/14/2009,"259,781","10,229,773",2.54,,,
Texas,11/28/2009,"14,225",11/21/2009,"242,545","10,229,773",2.37,,,
Texas,12/5/2009,"26,447",11/28/2009,"270,021","10,229,773",2.64,,,
Texas,12/12/2009,"21,859",12/5/2009,"252,344","10,229,773",2.47,,,
Texas,12/19/2009,"21,065",12/12/2009,"266,245","10,229,773",2.6,,,
Texas,12/26/2009,"13,109",12/19/2009,"240,644","10,229,773",2.35,,,
Texas,1/2/2010,"16,583",12/26/2009,"265,975","10,229,773",2.6,,,
Texas,1/9/2010,"32,475",1/2/2010,"261,160","10,229,773",2.55,,,
Texas,1/16/2010,"24,421",1/9/2010,"264,374","10,151,451",2.6,,,
Texas,1/23/2010,"19,985",1/16/2010,"254,414","10,151,451",2.51,,,
Texas,1/30/2010,"21,108",1/23/2010,"256,819","10,151,451",2.53,,,
Texas,2/6/2010,"21,864",1/30/2010,"246,546","10,151,451",2.43,,,
Texas,2/13/2010,"19,228",2/6/2010,"249,038","10,151,451",2.45,,,
Texas,2/20/2010,"18,206",2/13/2010,"243,367","10,151,451",2.4,,,
Texas,2/27/2010,"19,646",2/20/2010,"246,629","10,151,451",2.43,,,
Texas,3/6/2010,"20,525",2/27/2010,"239,272","10,151,451",2.36,,,
Texas,3/13/2010,"18,933",3/6/2010,"238,815","10,151,451",2.35,,,
Texas,3/20/2010,"17,567",3/13/2010,"233,413","10,151,451",2.3,,,
Texas,3/27/2010,"21,207",3/20/2010,"236,970","10,151,451",2.33,,,
Texas,4/3/2010,"18,069",3/27/2010,"224,247","10,151,451",2.21,,,
Texas,4/10/2010,"22,645",4/3/2010,"225,666","10,151,451",2.22,,,
Texas,4/17/2010,"20,149",4/10/2010,"218,901","10,054,936",2.18,,,
Texas,4/24/2010,"19,628",4/17/2010,"233,963","10,054,936",2.33,,,
Texas,5/1/2010,"19,643",4/24/2010,"219,271","10,054,936",2.18,,,
Texas,5/8/2010,"20,207",5/1/2010,"220,836","10,054,936",2.2,,,
Texas,5/15/2010,"19,563",5/8/2010,"211,257","10,054,936",2.1,,,
Texas,5/22/2010,"20,042",5/15/2010,"217,016","10,054,936",2.16,,,
Texas,5/29/2010,"18,979",5/22/2010,"210,170","10,054,936",2.09,,,
Texas,6/5/2010,"18,360",5/29/2010,"212,593","10,054,936",2.11,,,
Texas,6/12/2010,"21,331",6/5/2010,"211,377","10,054,936",2.1,,,
Texas,6/19/2010,"20,268",6/12/2010,"221,742","10,054,936",2.21,,,
Texas,6/26/2010,"20,490",6/19/2010,"222,802","10,054,936",2.22,,,
Texas,7/3/2010,"19,812",6/26/2010,"227,549","10,054,936",2.26,,,
Texas,7/10/2010,"21,927",7/3/2010,"226,038","9,958,054",2.27,,,
Texas,7/17/2010,"21,123",7/10/2010,"233,302","9,958,054",2.34,,,
Texas,7/24/2010,"19,095",7/17/2010,"241,794","9,958,054",2.43,,,
Texas,7/31/2010,"19,358",7/24/2010,"240,456","9,958,054",2.41,,,
Texas,8/7/2010,"20,429",7/31/2010,"234,657","9,958,054",2.36,,,
Texas,8/14/2010,"19,271",8/7/2010,"216,017","9,958,054",2.17,,,
Texas,8/21/2010,"18,941",8/14/2010,"218,763","9,958,054",2.2,,,
Texas,8/28/2010,"19,683",8/21/2010,"210,636","9,958,054",2.12,,,
Texas,9/4/2010,"20,492",8/28/2010,"210,311","9,958,054",2.11,,,
Texas,9/11/2010,"16,674",9/4/2010,"197,869","9,958,054",1.99,,,
Texas,9/18/2010,"18,526",9/11/2010,"207,868","9,958,054",2.09,,,
Texas,9/25/2010,"18,445",9/18/2010,"198,589","9,958,054",1.99,,,
Texas,10/2/2010,"18,660",9/25/2010,"202,693","9,958,054",2.04,,,
Texas,10/9/2010,"23,331",10/2/2010,"190,669","9,958,054",1.91,,,
Texas,10/16/2010,"18,946",10/9/2010,"195,886","9,958,054",1.97,,,
Texas,10/23/2010,"19,581",10/16/2010,"201,208","9,900,028",2.03,,,
Texas,10/30/2010,"19,044",10/23/2010,"195,252","9,900,028",1.97,,,
Texas,11/6/2010,"20,679",10/30/2010,"198,148","9,900,028",2,,,
Texas,11/13/2010,"18,047",11/6/2010,"190,017","9,900,028",1.92,,,
Texas,11/20/2010,"21,046",11/13/2010,"202,782","9,900,028",2.05,,,
Texas,11/27/2010,"12,304",11/20/2010,"183,955","9,900,028",1.86,,,
Texas,12/4/2010,"24,115",11/27/2010,"216,383","9,900,028",2.19,,,
Texas,12/11/2010,"19,988",12/4/2010,"190,790","9,900,028",1.93,,,
Texas,12/18/2010,"18,494",12/11/2010,"208,598","9,900,028",2.11,,,
Texas,12/25/2010,"14,590",12/18/2010,"190,908","9,900,028",1.93,,,
Texas,1/1/2011,"15,967",12/25/2010,"215,523","9,900,028",2.18,,,
Texas,1/8/2011,"29,795",1/1/2011,"208,196","9,900,028",2.1,,,
Texas,1/15/2011,"22,605",1/8/2011,"208,853","9,900,028",2.11,,,
Texas,1/22/2011,"18,281",1/15/2011,"202,404","9,900,028",2.04,,,
Texas,1/29/2011,"18,897",1/22/2011,"206,902","9,900,028",2.09,,,
Texas,2/5/2011,"15,240",1/29/2011,"194,441","9,929,409",1.96,,,
Texas,2/12/2011,"17,411",2/5/2011,"200,536","9,929,409",2.02,,,
Texas,2/19/2011,"16,580",2/12/2011,"194,315","9,929,409",1.96,,,
Texas,2/26/2011,"14,873",2/19/2011,"191,750","9,929,409",1.93,,,
Texas,3/5/2011,"17,701",2/26/2011,"186,312","9,929,409",1.88,,,
Texas,3/12/2011,"16,709",3/5/2011,"183,354","9,929,409",1.85,,,
Texas,3/19/2011,"15,622",3/12/2011,"181,406","9,929,409",1.83,,,
Texas,3/26/2011,"19,488",3/19/2011,"186,808","9,929,409",1.88,,,
Texas,4/2/2011,"16,575",3/26/2011,"176,443","9,929,409",1.78,,,
Texas,4/9/2011,"21,683",4/2/2011,"175,091","9,929,409",1.76,,,
Texas,4/16/2011,"17,801",4/9/2011,"171,736","9,929,409",1.73,,,
Texas,4/23/2011,"17,682",4/16/2011,"181,193","9,929,409",1.82,,,
Texas,4/30/2011,"18,678",4/23/2011,"171,437","9,929,409",1.73,,,
Texas,5/7/2011,"19,549",4/30/2011,"180,707","9,929,409",1.82,,,
Texas,5/14/2011,"18,431",5/7/2011,"172,421","9,929,409",1.74,,,
Texas,5/21/2011,"18,337",5/14/2011,"182,093","9,929,409",1.83,,,
Texas,5/28/2011,"17,678",5/21/2011,"173,286","9,929,409",1.75,,,
Texas,6/4/2011,"17,871",5/28/2011,"179,629","9,929,409",1.81,,,
Texas,6/11/2011,"21,204",6/4/2011,"176,189","9,929,409",1.77,,,
Texas,6/18/2011,"19,672",6/11/2011,"187,689","9,929,409",1.89,,,
Texas,6/25/2011,"19,620",6/18/2011,"186,474","9,929,409",1.88,,,
Texas,7/2/2011,"19,269",6/25/2011,"191,339","9,929,409",1.93,,,
Texas,7/9/2011,"20,025",7/2/2011,"183,057","9,976,569",1.83,,,
Texas,7/16/2011,"20,240",7/9/2011,"191,994","9,976,569",1.92,,,
Texas,7/23/2011,"19,439",7/16/2011,"194,360","9,976,569",1.95,,,
Texas,7/30/2011,"17,611",7/23/2011,"193,610","9,976,569",1.94,,,
Texas,8/6/2011,"18,985",7/30/2011,"192,466","9,976,569",1.93,,,
Texas,8/13/2011,"17,295",8/6/2011,"190,177","9,976,569",1.91,,,
Texas,8/20/2011,"17,824",8/13/2011,"193,051","9,976,569",1.94,,,
Texas,8/27/2011,"17,731",8/20/2011,"186,451","9,976,569",1.87,,,
Texas,9/3/2011,"18,970",8/27/2011,"187,100","9,976,569",1.88,,,
Texas,9/10/2011,"15,194",9/3/2011,"173,861","9,976,569",1.74,,,
Texas,9/17/2011,"17,271",9/10/2011,"183,571","9,976,569",1.84,,,
Texas,9/24/2011,"16,504",9/17/2011,"174,344","9,976,569",1.75,,,
Texas,10/1/2011,"16,382",9/24/2011,"180,896","9,976,569",1.81,,,
Texas,10/8/2011,"21,026",10/1/2011,"169,261","10,030,504",1.69,,,
Texas,10/15/2011,"17,537",10/8/2011,"174,199","10,030,504",1.74,,,
Texas,10/22/2011,"17,892",10/15/2011,"176,227","10,030,504",1.76,,,
Texas,10/29/2011,"17,538",10/22/2011,"174,692","10,030,504",1.74,,,
Texas,11/5/2011,"19,873",10/29/2011,"173,786","10,030,504",1.73,,,
Texas,11/12/2011,"17,042",11/5/2011,"170,215","10,030,504",1.7,,,
Texas,11/19/2011,"20,143",11/12/2011,"179,126","10,030,504",1.79,,,
Texas,11/26/2011,"11,600",11/19/2011,"168,824","10,030,504",1.68,,,
Texas,12/3/2011,"22,081",11/26/2011,"196,053","10,030,504",1.95,,,
Texas,12/10/2011,"18,101",12/3/2011,"173,402","10,030,504",1.73,,,
Texas,12/17/2011,"16,354",12/10/2011,"188,851","10,030,504",1.88,,,
Texas,12/24/2011,"15,478",12/17/2011,"175,238","10,030,504",1.75,,,
Texas,12/31/2011,"13,093",12/24/2011,"187,587","10,030,504",1.87,,,
Texas,1/7/2012,"27,039",12/31/2011,"195,298","10,092,403",1.94,,,
Texas,1/14/2012,"20,159",1/7/2012,"188,266","10,092,403",1.87,,,
Texas,1/21/2012,"16,128",1/14/2012,"184,056","10,092,403",1.82,,,
Texas,1/28/2012,"17,613",1/21/2012,"186,542","10,092,403",1.85,,,
Texas,2/4/2012,"16,983",1/28/2012,"176,585","10,092,403",1.75,,,
Texas,2/11/2012,"15,730",2/4/2012,"176,460","10,092,403",1.75,,,
Texas,2/18/2012,"15,549",2/11/2012,"172,258","10,092,403",1.71,,,
Texas,2/25/2012,"14,014",2/18/2012,"171,982","10,092,403",1.7,,,
Texas,3/3/2012,"16,130",2/25/2012,"168,795","10,092,403",1.67,,,
Texas,3/10/2012,"15,917",3/3/2012,"164,291","10,092,403",1.63,,,
Texas,3/17/2012,"14,130",3/10/2012,"162,134","10,092,403",1.61,,,
Texas,3/24/2012,"18,315",3/17/2012,"168,232","10,092,403",1.67,,,
Texas,3/31/2012,"15,365",3/24/2012,"158,508","10,092,403",1.57,,,
Texas,4/7/2012,"18,997",3/31/2012,"159,710","10,092,403",1.58,,,
Texas,4/14/2012,"17,012",4/7/2012,"154,326","10,158,134",1.52,,,
Texas,4/21/2012,"16,932",4/14/2012,"161,893","10,158,134",1.59,,,
Texas,4/28/2012,"17,169",4/21/2012,"155,800","10,158,134",1.53,,,
Texas,5/5/2012,"18,398",4/28/2012,"159,389","10,158,134",1.57,,,
Texas,5/12/2012,"16,952",5/5/2012,"152,911","10,158,134",1.51,,,
Texas,5/19/2012,"18,600",5/12/2012,"160,289","10,158,134",1.58,,,
Texas,5/26/2012,"18,224",5/19/2012,"155,767","10,158,134",1.53,,,
Texas,6/2/2012,"16,370",5/26/2012,"160,961","10,158,134",1.58,,,
Texas,6/9/2012,"20,398",6/2/2012,"158,108","10,158,134",1.56,,,
Texas,6/16/2012,"19,631",6/9/2012,"166,872","10,158,134",1.64,,,
Texas,6/23/2012,"19,471",6/16/2012,"171,800","10,158,134",1.69,,,
Texas,6/30/2012,"17,275",6/23/2012,"171,263","10,158,134",1.69,,,
Texas,7/7/2012,"18,599",6/30/2012,"169,403","10,158,134",1.67,,,
Texas,7/14/2012,"19,300",7/7/2012,"173,540","10,218,819",1.7,,,
Texas,7/21/2012,"17,402",7/14/2012,"180,015","10,218,819",1.76,,,
Texas,7/28/2012,"16,640",7/21/2012,"175,373","10,218,819",1.72,,,
Texas,8/4/2012,"17,304",7/28/2012,"179,792","10,218,819",1.76,,,
Texas,8/11/2012,"16,644",8/4/2012,"167,561","10,218,819",1.64,,,
Texas,8/18/2012,"17,161",8/11/2012,"175,896","10,218,819",1.72,,,
Texas,8/25/2012,"17,287",8/18/2012,"169,743","10,218,819",1.66,,,
Texas,9/1/2012,"18,091",8/25/2012,"172,902","10,218,819",1.69,,,
Texas,9/8/2012,"17,074",9/1/2012,"162,829","10,218,819",1.59,,,
Texas,9/15/2012,"16,711",9/8/2012,"166,291","10,218,819",1.63,,,
Texas,9/22/2012,"16,612",9/15/2012,"159,281","10,218,819",1.56,,,
Texas,9/29/2012,"15,739",9/22/2012,"161,004","10,218,819",1.58,,,
Texas,10/6/2012,"17,463",9/29/2012,"155,467","10,218,819",1.52,,,
Texas,10/13/2012,"18,792",10/6/2012,"154,715","10,288,056",1.5,,,
Texas,10/20/2012,"17,220",10/13/2012,"155,286","10,288,056",1.51,,,
Texas,10/27/2012,"16,681",10/20/2012,"157,327","10,288,056",1.53,,,
Texas,11/3/2012,"17,071",10/27/2012,"155,267","10,288,056",1.51,,,
Texas,11/10/2012,"18,603",11/3/2012,"153,932","10,288,056",1.5,,,
Texas,11/17/2012,"18,504",11/10/2012,"154,664","10,288,056",1.5,,,
Texas,11/24/2012,"12,079",11/17/2012,"151,754","10,288,056",1.48,,,
Texas,12/1/2012,"22,514",11/24/2012,"171,573","10,288,056",1.67,,,
Texas,12/8/2012,"18,664",12/1/2012,"160,836","10,288,056",1.56,,,
Texas,12/15/2012,"17,128",12/8/2012,"165,427","10,288,056",1.61,,,
Texas,12/22/2012,"16,952",12/15/2012,"161,742","10,288,056",1.57,,,
Texas,12/29/2012,"9,477",12/22/2012,"157,888","10,288,056",1.53,,,
Texas,1/5/2013,"18,146",12/29/2012,"170,461","10,288,056",1.66,,,
Texas,1/12/2013,"30,932",1/5/2013,"176,283","10,361,230",1.7,,,
Texas,1/19/2013,"20,484",1/12/2013,"176,204","10,361,230",1.7,,,
Texas,1/26/2013,"15,402",1/19/2013,"174,375","10,361,230",1.68,,,
Texas,2/2/2013,"17,473",1/26/2013,"169,383","10,361,230",1.63,,,
Texas,2/9/2013,"17,112",2/2/2013,"161,316","10,361,230",1.56,,,
Texas,2/16/2013,"16,273",2/9/2013,"164,350","10,361,230",1.59,,,
Texas,2/23/2013,"14,939",2/16/2013,"161,070","10,361,230",1.55,,,
Texas,3/2/2013,"15,746",2/23/2013,"161,576","10,361,230",1.56,,,
Texas,3/9/2013,"16,386",3/2/2013,"155,394","10,361,230",1.5,,,
Texas,3/16/2013,"15,569",3/9/2013,"155,283","10,361,230",1.5,,,
Texas,3/23/2013,"18,305",3/16/2013,"159,948","10,361,230",1.54,,,
Texas,3/30/2013,"14,816",3/23/2013,"156,099","10,361,230",1.51,,,
Texas,4/6/2013,"17,261",3/30/2013,"154,780","10,361,230",1.49,,,
Texas,4/13/2013,"20,311",4/6/2013,"152,539","10,435,895",1.46,,,
Texas,4/20/2013,"17,241",4/13/2013,"155,636","10,435,895",1.49,,,
Texas,4/27/2013,"16,799",4/20/2013,"158,224","10,435,895",1.52,,,
Texas,5/4/2013,"17,294",4/27/2013,"153,872","10,435,895",1.47,,,
Texas,5/11/2013,"17,368",5/4/2013,"154,424","10,435,895",1.48,,,
Texas,5/18/2013,"17,696",5/11/2013,"154,146","10,435,895",1.48,,,
Texas,5/25/2013,"17,088",5/18/2013,"160,262","10,435,895",1.54,,,
Texas,6/1/2013,"15,212",5/25/2013,"157,846","10,435,895",1.51,,,
Texas,6/8/2013,"18,219",6/1/2013,"162,735","10,435,895",1.56,,,
Texas,6/15/2013,"17,761",6/8/2013,"157,419","10,435,895",1.51,,,
Texas,6/22/2013,"17,997",6/15/2013,"168,380","10,435,895",1.61,,,
Texas,6/29/2013,"18,488",6/22/2013,"165,884","10,435,895",1.59,,,
Texas,7/6/2013,"15,355",6/29/2013,"166,061","10,435,895",1.59,,,
Texas,7/13/2013,"21,356",7/6/2013,"168,924","10,523,664",1.61,,,
Texas,7/20/2013,"18,971",7/13/2013,"172,801","10,523,664",1.64,,,
Texas,7/27/2013,"16,189",7/20/2013,"174,354","10,523,664",1.66,,,
Texas,8/3/2013,"17,340",7/27/2013,"171,760","10,523,664",1.63,,,
Texas,8/10/2013,"16,446",8/3/2013,"168,808","10,523,664",1.6,,,
Texas,8/17/2013,"16,226",8/10/2013,"170,198","10,523,664",1.62,,,
Texas,8/24/2013,"15,472",8/17/2013,"167,441","10,523,664",1.59,,,
Texas,8/31/2013,"15,764",8/24/2013,"166,723","10,523,664",1.58,,,
Texas,9/7/2013,"14,773",8/31/2013,"158,017","10,523,664",1.5,,,
Texas,9/14/2013,"16,054",9/7/2013,"159,589","10,523,664",1.52,,,
Texas,9/21/2013,"16,036",9/14/2013,"158,555","10,523,664",1.51,,,
Texas,9/28/2013,"14,781",9/21/2013,"156,252","10,523,664",1.48,,,
Texas,10/5/2013,"16,206",9/28/2013,"152,642","10,523,664",1.45,,,
Texas,10/12/2013,"16,283",10/5/2013,"148,347","10,605,732",1.4,,,
Texas,10/19/2013,"15,299",10/12/2013,"150,577","10,605,732",1.42,,,
Texas,10/26/2013,"16,070",10/19/2013,"151,533","10,605,732",1.43,,,
Texas,11/2/2013,"16,669",10/26/2013,"149,077","10,605,732",1.41,,,
Texas,11/9/2013,"18,405",11/2/2013,"149,903","10,605,732",1.41,,,
Texas,11/16/2013,"15,821",11/9/2013,"148,254","10,605,732",1.4,,,
Texas,11/23/2013,"17,920",11/16/2013,"158,104","10,605,732",1.49,,,
Texas,11/30/2013,"10,636",11/23/2013,"145,667","10,605,732",1.37,,,
Texas,12/7/2013,"20,397",11/30/2013,"171,698","10,605,732",1.62,,,
Texas,12/14/2013,"15,493",12/7/2013,"152,943","10,605,732",1.44,,,
Texas,12/21/2013,"16,033",12/14/2013,"166,582","10,605,732",1.57,,,
Texas,12/28/2013,"9,310",12/21/2013,"142,121","10,605,732",1.34,,,
Texas,1/4/2014,"15,948",12/28/2013,"168,844","10,605,732",1.59,,,
Texas,1/11/2014,"28,748",1/4/2014,"162,251","10,682,247",1.52,,,
Texas,1/18/2014,"19,959",1/11/2014,"177,750","10,682,247",1.66,,,
Texas,1/25/2014,"15,807",1/18/2014,"165,568","10,682,247",1.55,,,
Texas,2/1/2014,"16,699",1/25/2014,"175,551","10,682,247",1.64,,,
Texas,2/8/2014,"17,139",2/1/2014,"162,426","10,682,247",1.52,,,
Texas,2/15/2014,"15,530",2/8/2014,"168,332","10,682,247",1.58,,,
Texas,2/22/2014,"13,913",2/15/2014,"159,351","10,682,247",1.49,,,
Texas,3/1/2014,"15,158",2/22/2014,"164,833","10,682,247",1.54,,,
Texas,3/8/2014,"15,544",3/1/2014,"156,558","10,682,247",1.47,,,
Texas,3/15/2014,"14,171",3/8/2014,"159,410","10,682,247",1.49,,,
Texas,3/22/2014,"16,595",3/15/2014,"160,028","10,682,247",1.5,,,
Texas,3/29/2014,"14,774",3/22/2014,"157,872","10,682,247",1.48,,,
Texas,4/5/2014,"16,139",3/29/2014,"152,293","10,682,247",1.43,,,
Texas,4/12/2014,"17,931",4/5/2014,"149,872","10,761,074",1.39,,,
Texas,4/19/2014,"14,813",4/12/2014,"149,189","10,761,074",1.39,,,
Texas,4/26/2014,"15,360",4/19/2014,"154,065","10,761,074",1.43,,,
Texas,5/3/2014,"16,507",4/26/2014,"147,881","10,761,074",1.37,,,
Texas,5/10/2014,"16,130",5/3/2014,"147,494","10,761,074",1.37,,,
Texas,5/17/2014,"16,955",5/10/2014,"146,606","10,761,074",1.36,,,
Texas,5/24/2014,"16,695",5/17/2014,"149,847","10,761,074",1.39,,,
Texas,5/31/2014,"15,735",5/24/2014,"149,155","10,761,074",1.39,,,
Texas,6/7/2014,"17,835",5/31/2014,"151,074","10,761,074",1.4,,,
Texas,6/14/2014,"16,494",6/7/2014,"148,971","10,761,074",1.38,,,
Texas,6/21/2014,"16,722",6/14/2014,"155,551","10,761,074",1.45,,,
Texas,6/28/2014,"16,951",6/21/2014,"157,568","10,761,074",1.46,,,
Texas,7/5/2014,"14,028",6/28/2014,"151,934","10,761,074",1.41,,,
Texas,7/12/2014,"19,175",7/5/2014,"156,693","10,837,135",1.45,,,
Texas,7/19/2014,"16,211",7/12/2014,"155,648","10,837,135",1.44,,,
Texas,7/26/2014,"14,457",7/19/2014,"163,268","10,837,135",1.51,,,
Texas,8/2/2014,"14,149",7/26/2014,"152,760","10,837,135",1.41,,,
Texas,8/9/2014,"14,908",8/2/2014,"153,997","10,837,135",1.42,,,
Texas,8/16/2014,"13,858",8/9/2014,"147,195","10,837,135",1.36,,,
Texas,8/23/2014,"14,166",8/16/2014,"152,401","10,837,135",1.41,,,
Texas,8/30/2014,"14,089",8/23/2014,"142,312","10,837,135",1.31,,,
Texas,9/6/2014,"13,798",8/30/2014,"141,662","10,837,135",1.31,,,
Texas,9/13/2014,"13,473",9/6/2014,"134,400","10,837,135",1.24,,,
Texas,9/20/2014,"13,141",9/13/2014,"135,787","10,837,135",1.25,,,
Texas,9/27/2014,"12,506",9/20/2014,"130,002","10,837,135",1.2,,,
Texas,10/4/2014,"14,482",9/27/2014,"130,981","10,837,135",1.21,,,
Texas,10/11/2014,"16,097",10/4/2014,"122,813","10,913,129",1.13,,,
Texas,10/18/2014,"14,377",10/11/2014,"125,241","10,913,129",1.15,,,
Texas,10/25/2014,"13,819",10/18/2014,"125,857","10,913,129",1.15,,,
Texas,11/1/2014,"14,054",10/25/2014,"126,003","10,913,129",1.15,,,
Texas,11/8/2014,"16,440",11/1/2014,"125,826","10,913,129",1.15,,,
Texas,11/15/2014,"15,335",11/8/2014,"123,156","10,913,129",1.13,,,
Texas,11/22/2014,"16,016",11/15/2014,"131,892","10,913,129",1.21,,,
Texas,11/29/2014,"9,703",11/22/2014,"121,246","10,913,129",1.11,,,
Texas,12/6/2014,"18,810",11/29/2014,"143,201","10,913,129",1.31,,,
Texas,12/13/2014,"14,828",12/6/2014,"125,895","10,913,129",1.15,,,
Texas,12/20/2014,"15,057",12/13/2014,"139,598","10,913,129",1.28,,,
Texas,12/27/2014,"8,049",12/20/2014,"120,152","10,913,129",1.1,,,
Texas,1/3/2015,"13,471",12/27/2014,"144,823","10,913,129",1.33,,,
Texas,1/10/2015,"25,783",1/3/2015,"140,712","10,913,129",1.29,,,
Texas,1/17/2015,"19,674",1/10/2015,"146,275","10,995,551",1.33,,,
Texas,1/24/2015,"17,117",1/17/2015,"138,914","10,995,551",1.26,,,
Texas,1/31/2015,"17,981",1/24/2015,"146,373","10,995,551",1.33,,,
Texas,2/7/2015,"20,418",1/31/2015,"140,062","10,995,551",1.27,,,
Texas,2/14/2015,"17,999",2/7/2015,"144,077","10,995,551",1.31,,,
Texas,2/21/2015,"17,182",2/14/2015,"146,142","10,995,551",1.33,,,
Texas,2/28/2015,"17,136",2/21/2015,"150,006","10,995,551",1.36,,,
Texas,3/7/2015,"19,075",2/28/2015,"151,623","10,995,551",1.38,,,
Texas,3/14/2015,"17,302",3/7/2015,"152,495","10,995,551",1.39,,,
Texas,3/21/2015,"19,337",3/14/2015,"159,807","10,995,551",1.45,,,
Texas,3/28/2015,"18,361",3/21/2015,"157,749","10,995,551",1.43,,,
Texas,4/4/2015,"18,356",3/28/2015,"158,860","10,995,551",1.44,,,
Texas,4/11/2015,"21,023",4/4/2015,"153,084","10,995,551",1.39,,,
Texas,4/18/2015,"18,860",4/11/2015,"164,025","11,081,594",1.48,,,
Texas,4/25/2015,"17,372",4/18/2015,"166,152","11,081,594",1.5,,,
Texas,5/2/2015,"17,228",4/25/2015,"166,681","11,081,594",1.5,,,
Texas,5/9/2015,"17,348",5/2/2015,"163,074","11,081,594",1.47,,,
Texas,5/16/2015,"17,021",5/9/2015,"165,610","11,081,594",1.49,,,
Texas,5/23/2015,"17,595",5/16/2015,"169,900","11,081,594",1.53,,,
Texas,5/30/2015,"15,015",5/23/2015,"169,756","11,081,594",1.53,,,
Texas,6/6/2015,"18,504",5/30/2015,"174,319","11,081,594",1.57,,,
Texas,6/13/2015,"16,929",6/6/2015,"169,953","11,081,594",1.53,,,
Texas,6/20/2015,"17,436",6/13/2015,"179,381","11,081,594",1.62,,,
Texas,6/27/2015,"18,491",6/20/2015,"180,742","11,081,594",1.63,,,
Texas,7/4/2015,"16,086",6/27/2015,"180,249","11,081,594",1.63,,,
Texas,7/11/2015,"19,605",7/4/2015,"179,996","11,181,963",1.61,,,
Texas,7/18/2015,"16,431",7/11/2015,"181,065","11,181,963",1.62,,,
Texas,7/25/2015,"16,270",7/18/2015,"187,330","11,181,963",1.68,,,
Texas,8/1/2015,"16,281",7/25/2015,"182,537","11,181,963",1.63,,,
Texas,8/8/2015,"16,692",8/1/2015,"183,428","11,181,963",1.64,,,
Texas,8/15/2015,"15,621",8/8/2015,"176,760","11,181,963",1.58,,,
Texas,8/22/2015,"15,367",8/15/2015,"181,437","11,181,963",1.62,,,
Texas,8/29/2015,"15,925",8/22/2015,"173,055","11,181,963",1.55,,,
Texas,9/5/2015,"17,045",8/29/2015,"170,253","11,181,963",1.52,,,
Texas,9/12/2015,"13,476",9/5/2015,"160,294","11,181,963",1.43,,,
Texas,9/19/2015,"15,661",9/12/2015,"169,115","11,181,963",1.51,,,
Texas,9/26/2015,"15,160",9/19/2015,"161,106","11,181,963",1.44,,,
Texas,10/3/2015,"16,483",9/26/2015,"163,862","11,181,963",1.47,,,
Texas,10/10/2015,"19,110",10/3/2015,"151,925","11,275,316",1.35,,,
Texas,10/17/2015,"16,217",10/10/2015,"159,631","11,275,316",1.42,,,
Texas,10/24/2015,"16,449",10/17/2015,"159,096","11,275,316",1.41,,,
Texas,10/31/2015,"16,966",10/24/2015,"162,024","11,275,316",1.44,,,
Texas,11/7/2015,"19,421",10/31/2015,"160,947","11,275,316",1.43,,,
Texas,11/14/2015,"16,301",11/7/2015,"160,704","11,275,316",1.43,,,
Texas,11/21/2015,"18,146",11/14/2015,"169,363","11,275,316",1.5,,,
Texas,11/28/2015,"10,921",11/21/2015,"157,411","11,275,316",1.4,,,
Texas,12/5/2015,"21,703",11/28/2015,"182,647","11,275,316",1.62,,,
Texas,12/12/2015,"17,168",12/5/2015,"162,238","11,275,316",1.44,,,
Texas,12/19/2015,"16,016",12/12/2015,"177,836","11,275,316",1.58,,,
Texas,12/26/2015,"10,933",12/19/2015,"160,420","11,275,316",1.42,,,
Texas,1/2/2016,"12,859",12/26/2015,"180,569","11,275,316",1.6,,,
Texas,1/9/2016,"26,258",1/2/2016,"179,040","11,181,963",1.6,,,
Texas,1/16/2016,"19,126",1/9/2016,"181,738","11,181,963",1.63,,,
Texas,1/23/2016,"16,838",1/16/2016,"175,742","11,181,963",1.57,,,
Texas,1/30/2016,"17,635",1/23/2016,"179,310","11,181,963",1.6,,,
Texas,2/6/2016,"19,309",1/30/2016,"174,000","11,181,963",1.56,,,
Texas,2/13/2016,"16,967",2/6/2016,"174,666","11,181,963",1.56,,,
Texas,2/20/2016,"15,977",2/13/2016,"174,913","11,181,963",1.56,,,
Texas,2/27/2016,"16,936",2/20/2016,"179,585","11,181,963",1.61,,,
Texas,3/5/2016,"17,643",2/27/2016,"176,560","11,181,963",1.58,,,
Texas,3/12/2016,"16,955",3/5/2016,"175,285","11,181,963",1.57,,,
Texas,3/19/2016,"16,306",3/12/2016,"179,249","11,181,963",1.6,,,
Texas,3/26/2016,"17,361",3/19/2016,"182,931","11,181,963",1.64,,,
Texas,4/2/2016,"16,427",3/26/2016,"178,756","11,181,963",1.6,,,
Texas,4/9/2016,"19,103",4/2/2016,"172,637","11,416,813",1.51,,,
Texas,4/16/2016,"16,564",4/9/2016,"176,156","11,416,813",1.54,,,
Texas,4/23/2016,"16,288",4/16/2016,"181,331","11,416,813",1.59,,,
Texas,4/30/2016,"16,133",4/23/2016,"178,982","11,416,813",1.57,,,
Texas,5/7/2016,"17,074",4/30/2016,"180,372","11,416,813",1.58,,,
Texas,5/14/2016,"17,346",5/7/2016,"175,739","11,416,813",1.54,,,
Texas,5/21/2016,"17,421",5/14/2016,"182,079","11,416,813",1.59,,,
Texas,5/28/2016,"17,101",5/21/2016,"179,596","11,416,813",1.57,,,
Texas,6/4/2016,"16,543",5/28/2016,"183,745","11,416,813",1.61,,,
Texas,6/11/2016,"17,624",6/4/2016,"179,754","11,416,813",1.57,,,
Texas,6/18/2016,"17,571",6/11/2016,"189,644","11,416,813",1.66,,,
Texas,6/25/2016,"17,181",6/18/2016,"191,054","11,416,813",1.67,,,
Texas,7/2/2016,"16,540",6/25/2016,"190,291","11,416,813",1.67,,,
Texas,7/9/2016,"16,075",7/2/2016,"183,095","11,464,998",1.6,,,
Texas,7/16/2016,"17,483",7/9/2016,"192,200","11,464,998",1.68,,,
Texas,7/23/2016,"15,838",7/16/2016,"192,281","11,464,998",1.68,,,
Texas,7/30/2016,"14,990",7/23/2016,"189,988","11,464,998",1.66,,,
Texas,8/6/2016,"16,186",7/30/2016,"188,295","11,464,998",1.64,,,
Texas,8/13/2016,"15,596",8/6/2016,"182,533","11,464,998",1.59,,,
Texas,8/20/2016,"15,210",8/13/2016,"185,052","11,464,998",1.61,,,
Texas,8/27/2016,"14,268",8/20/2016,"180,016","11,464,998",1.57,,,
Texas,9/3/2016,"15,707",8/27/2016,"177,039","11,464,998",1.54,,,
Texas,9/10/2016,"13,072",9/3/2016,"164,760","11,464,998",1.44,,,
Texas,9/17/2016,"14,817",9/10/2016,"169,348","11,464,998",1.48,,,
Texas,9/24/2016,"14,694",9/17/2016,"165,962","11,464,998",1.45,,,
Texas,10/1/2016,"14,323",9/24/2016,"163,680","11,464,998",1.43,,,
Texas,10/8/2016,"16,881",10/1/2016,"157,796","11,489,518",1.37,,,
Texas,10/15/2016,"14,613",10/8/2016,"154,824","11,489,518",1.35,,,
Texas,10/22/2016,"15,308",10/15/2016,"157,801","11,489,518",1.37,,,
Texas,10/29/2016,"15,832",10/22/2016,"152,512","11,489,518",1.33,,,
Texas,11/5/2016,"17,998",10/29/2016,"156,476","11,489,518",1.36,,,
Texas,11/12/2016,"15,829",11/5/2016,"147,819","11,489,518",1.29,,,
Texas,11/19/2016,"18,565",11/12/2016,"159,339","11,489,518",1.39,,,
Texas,11/26/2016,"10,877",11/19/2016,"147,856","11,489,518",1.29,,,
Texas,12/3/2016,"20,194",11/26/2016,"175,613","11,489,518",1.53,,,
Texas,12/10/2016,"15,509",12/3/2016,"151,207","11,489,518",1.32,,,
Texas,12/17/2016,"15,595",12/10/2016,"168,225","11,489,518",1.46,,,
Texas,12/24/2016,"13,720",12/17/2016,"153,582","11,489,518",1.34,,,
Texas,12/31/2016,"11,715",12/24/2016,"168,717","11,489,518",1.47,,,
Texas,1/7/2017,"21,401",12/31/2016,"167,019","11,489,518",1.45,,,
Texas,1/14/2017,"17,583",1/7/2017,"170,051","11,526,467",1.48,,,
Texas,1/21/2017,"15,064",1/14/2017,"161,675","11,526,467",1.4,,,
Texas,1/28/2017,"15,118",1/21/2017,"165,892","11,526,467",1.44,,,
Texas,2/4/2017,"15,306",1/28/2017,"155,865","11,526,467",1.35,,,
Texas,2/11/2017,"14,652",2/4/2017,"154,824","11,526,467",1.34,,,
Texas,2/18/2017,"13,841",2/11/2017,"153,292","11,526,467",1.33,,,
Texas,2/25/2017,"12,293",2/18/2017,"152,877","11,526,467",1.33,,,
Texas,3/4/2017,"13,841",2/25/2017,"150,379","11,526,467",1.3,,,
Texas,3/11/2017,"14,103",3/4/2017,"145,929","11,526,467",1.27,,,
Texas,3/18/2017,"13,344",3/11/2017,"145,769","11,526,467",1.26,,,
Texas,3/25/2017,"15,950",3/18/2017,"149,911","11,526,467",1.3,,,
Texas,4/1/2017,"13,745",3/25/2017,"144,323","11,526,467",1.25,,,
Texas,4/8/2017,"16,625",4/1/2017,"142,058","11,512,952",1.23,,,
Texas,4/15/2017,"13,147",4/8/2017,"139,357","11,512,952",1.21,,,
Texas,4/22/2017,"13,835",4/15/2017,"144,889","11,512,952",1.26,,,
Texas,4/29/2017,"13,224",4/22/2017,"139,968","11,512,952",1.22,,,
Texas,5/6/2017,"14,590",4/29/2017,"141,653","11,512,952",1.23,,,
Texas,5/13/2017,"14,546",5/6/2017,"134,071","11,512,952",1.16,,,
Texas,5/20/2017,"15,198",5/13/2017,"141,368","11,512,952",1.23,,,
Texas,5/27/2017,"15,135",5/20/2017,"137,165","11,512,952",1.19,,,
Texas,6/3/2017,"14,020",5/27/2017,"142,868","11,512,952",1.24,,,
Texas,6/10/2017,"15,942",6/3/2017,"138,526","11,512,952",1.2,,,
Texas,6/17/2017,"15,593",6/10/2017,"149,920","11,512,952",1.3,,,
Texas,6/24/2017,"15,407",6/17/2017,"151,376","11,512,952",1.31,,,
Texas,7/1/2017,"14,052",6/24/2017,"151,427","11,512,952",1.32,,,
Texas,7/8/2017,"13,296",7/1/2017,"148,194","11,545,879",1.28,,,
Texas,7/15/2017,"14,448",7/8/2017,"153,336","11,545,879",1.33,,,
Texas,7/22/2017,"13,607",7/15/2017,"153,020","11,545,879",1.33,,,
Texas,7/29/2017,"13,166",7/22/2017,"152,941","11,545,879",1.32,,,
Texas,8/5/2017,"14,081",7/29/2017,"147,742","11,545,879",1.28,,,
Texas,8/12/2017,"13,218",8/5/2017,"146,399","11,545,879",1.27,,,
Texas,8/19/2017,"13,290",8/12/2017,"146,555","11,545,879",1.27,,,
Texas,8/26/2017,"12,105",8/19/2017,"143,964","11,545,879",1.25,,,
Texas,9/2/2017,"63,788",8/26/2017,"135,605","11,545,879",1.17,,,
Texas,9/9/2017,"52,024",9/2/2017,"128,496","11,545,879",1.11,,,
Texas,9/16/2017,"28,387",9/9/2017,"193,355","11,545,879",1.67,,,
Texas,9/23/2017,"20,104",9/16/2017,"156,703","11,545,879",1.36,,,
Texas,9/30/2017,"17,063",9/23/2017,"163,562","11,545,879",1.42,,,
Texas,10/7/2017,"16,656",9/30/2017,"133,903","11,545,879",1.16,,,
Texas,10/14/2017,"14,865",10/7/2017,"145,286","11,604,324",1.25,,,
Texas,10/21/2017,"15,164",10/14/2017,"128,786","11,604,324",1.11,,,
Texas,10/28/2017,"14,423",10/21/2017,"143,632","11,604,324",1.24,,,
Texas,11/4/2017,"14,937",10/28/2017,"124,127","11,604,324",1.07,,,
Texas,11/11/2017,"14,719",11/4/2017,"136,990","11,604,324",1.18,,,
Texas,11/18/2017,"15,826",11/11/2017,"125,798","11,604,324",1.08,,,
Texas,11/25/2017,"10,737",11/18/2017,"134,210","11,604,324",1.16,,,
Texas,12/2/2017,"19,599",11/25/2017,"140,371","11,604,324",1.21,,,
Texas,12/9/2017,"14,375",12/2/2017,"135,717","11,604,324",1.17,,,
Texas,12/16/2017,"14,244",12/9/2017,"136,339","11,604,324",1.17,,,
Texas,12/23/2017,"14,138",12/16/2017,"139,198","11,604,324",1.2,,,
Texas,12/30/2017,"9,919",12/23/2017,"133,078","11,604,324",1.15,,,
Texas,1/6/2018,"14,973",12/30/2017,"148,901","11,604,324",1.28,,,
Texas,1/13/2018,"20,540",1/6/2018,"144,179","11,706,892",1.23,,,
Texas,1/20/2018,"12,793",1/13/2018,"144,349","11,706,892",1.23,,,
Texas,1/27/2018,"14,275",1/20/2018,"140,604","11,706,892",1.2,,,
Texas,2/3/2018,"14,131",1/27/2018,"136,766","11,706,892",1.17,,,
Texas,2/10/2018,"13,738",2/3/2018,"129,893","11,706,892",1.11,,,
Texas,2/17/2018,"13,044",2/10/2018,"132,190","11,706,892",1.13,,,
Texas,2/24/2018,"11,697",2/17/2018,"129,920","11,706,892",1.11,,,
Texas,3/3/2018,"12,570",2/24/2018,"129,999","11,706,892",1.11,,,
Texas,3/10/2018,"12,848",3/3/2018,"123,876","11,706,892",1.06,,,
Texas,3/17/2018,"11,837",3/10/2018,"121,792","11,706,892",1.04,,,
Texas,3/24/2018,"14,723",3/17/2018,"129,028","11,706,892",1.1,,,
Texas,3/31/2018,"11,603",3/24/2018,"120,161","11,706,892",1.03,,,
Texas,4/7/2018,"15,108",3/31/2018,"122,403","11,706,892",1.05,,,
Texas,4/14/2018,"12,698",4/7/2018,"116,302","11,758,426",0.99,,,
Texas,4/21/2018,"12,221",4/14/2018,"123,990","11,758,426",1.05,,,
Texas,4/28/2018,"12,086",4/21/2018,"116,000","11,758,426",0.99,,,
Texas,5/5/2018,"13,780",4/28/2018,"119,587","11,758,426",1.02,,,
Texas,5/12/2018,"13,755",5/5/2018,"111,246","11,758,426",0.95,,,
Texas,5/19/2018,"13,953",5/12/2018,"119,249","11,758,426",1.01,,,
Texas,5/26/2018,"12,836",5/19/2018,"114,482","11,758,426",0.97,,,
Texas,6/2/2018,"12,227",5/26/2018,"119,288","11,758,426",1.01,,,
Texas,6/9/2018,"14,504",6/2/2018,"114,916","11,758,426",0.98,,,
Texas,6/16/2018,"14,167",6/9/2018,"124,031","11,758,426",1.05,,,
Texas,6/23/2018,"13,474",6/16/2018,"123,164","11,758,426",1.05,,,
Texas,6/30/2018,"13,599",6/23/2018,"127,099","11,758,426",1.08,,,
Texas,7/7/2018,"13,353",6/30/2018,"121,374","11,758,426",1.03,,,
Texas,7/14/2018,"13,703",7/7/2018,"128,248","11,814,674",1.09,,,
Texas,7/21/2018,"12,549",7/14/2018,"128,927","11,814,674",1.09,,,
Texas,7/28/2018,"11,737",7/21/2018,"128,021","11,814,674",1.08,,,
Texas,8/4/2018,"12,275",7/28/2018,"126,064","11,814,674",1.07,,,
Texas,8/11/2018,"11,658",8/4/2018,"121,012","11,814,674",1.02,,,
Texas,8/18/2018,"11,760",8/11/2018,"123,315","11,814,674",1.04,,,
Texas,8/25/2018,"11,956",8/18/2018,"118,707","11,814,674",1,,,
Texas,9/1/2018,"11,301",8/25/2018,"117,867","11,814,674",1,,,
Texas,9/8/2018,"10,838",9/1/2018,"108,307","11,814,674",0.92,,,
Texas,9/15/2018,"11,857",9/8/2018,"113,501","11,814,674",0.96,,,
Texas,9/22/2018,"10,994",9/15/2018,"107,078","11,814,674",0.91,,,
Texas,9/29/2018,"10,447",9/22/2018,"109,704","11,814,674",0.93,,,
Texas,10/6/2018,"11,980",9/29/2018,"102,275","11,814,674",0.87,,,
Texas,10/13/2018,"11,802",10/6/2018,"101,178","11,882,030",0.85,,,
Texas,10/20/2018,"12,422",10/13/2018,"100,658","11,882,030",0.85,,,
Texas,10/27/2018,"12,201",10/20/2018,"103,365","11,882,030",0.87,,,
Texas,11/3/2018,"12,808",10/27/2018,"100,698","11,882,030",0.85,,,
Texas,11/10/2018,"14,597",11/3/2018,"101,478","11,882,030",0.85,,,
Texas,11/17/2018,"15,133",11/10/2018,"102,757","11,882,030",0.86,,,
Texas,11/24/2018,"9,653",11/17/2018,"103,598","11,882,030",0.87,,,
Texas,12/1/2018,"17,035",11/24/2018,"119,851","11,882,030",1.01,,,
Texas,12/8/2018,"14,041",12/1/2018,"110,762","11,882,030",0.93,,,
Texas,12/15/2018,"13,461",12/8/2018,"114,652","11,882,030",0.96,,,
Texas,12/22/2018,"13,894",12/15/2018,"113,231","11,882,030",0.95,,,
Texas,12/29/2018,"9,090",12/22/2018,"112,980","11,882,030",0.95,,,
Texas,1/5/2019,"12,905",12/29/2018,"123,402","11,882,030",1.04,,,
Texas,1/12/2019,"20,493",1/5/2019,"129,887","11,941,735",1.09,,,
Texas,1/19/2019,"17,453",1/12/2019,"128,985","11,941,735",1.08,,,
Texas,1/26/2019,"12,479",1/19/2019,"123,476","11,941,735",1.03,,,
Texas,2/2/2019,"14,161",1/26/2019,"121,027","11,941,735",1.01,,,
Texas,2/9/2019,"13,526",2/2/2019,"115,008","11,941,735",0.96,,,
Texas,2/16/2019,"12,388",2/9/2019,"117,176","11,941,735",0.98,,,
Texas,2/23/2019,"11,766",2/16/2019,"117,832","11,941,735",0.99,,,
Texas,3/2/2019,"12,099",2/23/2019,"116,340","11,941,735",0.97,,,
Texas,3/9/2019,"12,760",3/2/2019,"112,808","11,941,735",0.94,,,
Texas,3/16/2019,"11,580",3/9/2019,"113,456","11,941,735",0.95,,,
Texas,3/23/2019,"14,382",3/16/2019,"117,994","11,941,735",0.99,,,
Texas,3/30/2019,"12,327",3/23/2019,"113,639","11,941,735",0.95,,,
Texas,4/6/2019,"13,093",3/30/2019,"111,714","11,941,735",0.94,,,
Texas,3/16/2019,"11,580",3/9/2019,"113,456","11,941,735",0.95,,,
Texas,3/23/2019,"14,382",3/16/2019,"117,994","11,941,735",0.99,,,
Texas,3/30/2019,"12,327",3/23/2019,"113,639","11,941,735",0.95,,,
Texas,4/6/2019,"13,093",3/30/2019,"111,714","11,941,735",0.94,,,
,,,,,,,,,
Run Date: 4/18/2019,,,,,,,,,
