week_filed,initial_claims,continued_claims,covered_employment,unemployment_rate
2000-01-08,18872.0,123890.0,8738970.0,1.42
2000-01-15,15218.0,124372.0,8738970.0,1.42
2000-01-22,14151.0,119713.0,8738970.0,1.37
2000-01-29,12024.0,121715.0,8738970.0,1.39
2000-02-05,13771.0,115755.0,8738970.0,1.32
2000-02-12,12411.0,117332.0,8738970.0,1.34
2000-02-19,11631.0,117264.0,8738970.0,1.34
2000-02-26,12097.0,113350.0,8738970.0,1.3
2000-03-04,11382.0,114022.0,8738970.0,1.3
2000-03-11,12074.0,110489.0,8738970.0,1.26
2000-03-18,13925.0,111810.0,8738970.0,1.28
2000-03-25,11611.0,109670.0,8738970.0,1.25
2000-04-01,10863.0,109261.0,8738970.0,1.25
2000-04-08,14913.0,105754.0,8786684.0,1.2
2000-04-15,12329.0,104209.0,8786684.0,1.19
2000-04-22,11431.0,106390.0,8786684.0,1.21
2000-04-29,11740.0,100427.0,8786684.0,1.14
2000-05-06,12480.0,103131.0,8786684.0,1.17
2000-05-13,12827.0,98878.0,8786684.0,1.13
2000-05-20,13320.0,100719.0,8786684.0,1.15
2000-05-27,13447.0,98406.0,8786684.0,1.12
2000-06-03,15081.0,102600.0,8786684.0,1.17
2000-06-10,12683.0,101106.0,8786684.0,1.15
2000-06-17,12959.0,106976.0,8786684.0,1.22
2000-06-24,12720.0,103952.0,8786684.0,1.18
2000-07-01,14279.0,107326.0,8786684.0,1.22
2000-07-08,15123.0,101435.0,8830252.0,1.15
2000-07-15,11551.0,111435.0,8830252.0,1.26
2000-07-22,12814.0,108244.0,8830252.0,1.23
2000-07-29,12071.0,108929.0,8830252.0,1.23
2000-08-05,14270.0,109307.0,8830252.0,1.24
2000-08-12,12547.0,106539.0,8830252.0,1.21
2000-08-19,13007.0,108690.0,8830252.0,1.23
2000-08-26,12761.0,103024.0,8830252.0,1.17
2000-09-02,15067.0,102877.0,8830252.0,1.17
2000-09-09,13480.0,97928.0,8830252.0,1.11
2000-09-16,11944.0,102147.0,8830252.0,1.16
2000-09-23,11577.0,98302.0,8830252.0,1.11
2000-09-30,11968.0,98720.0,8830252.0,1.12
2000-10-07,17593.0,96537.0,8879290.0,1.09
2000-10-14,14105.0,95680.0,8879290.0,1.08
2000-10-21,13113.0,102267.0,8879290.0,1.15
2000-10-28,13421.0,98145.0,8879290.0,1.11
2000-11-04,14710.0,101459.0,8879290.0,1.14
2000-11-11,16914.0,98583.0,8879290.0,1.11
2000-11-18,18344.0,107335.0,8879290.0,1.21
2000-11-25,13055.0,100405.0,8879290.0,1.13
2000-12-02,14514.0,119735.0,8879290.0,1.35
2000-12-09,14971.0,105509.0,8879290.0,1.19
2000-12-16,14545.0,116638.0,8879290.0,1.31
2000-12-23,15346.0,108763.0,8879290.0,1.22
2000-12-30,17745.0,114884.0,8879290.0,1.29
2001-01-06,12071.0,121953.0,8879290.0,1.37
2001-01-13,18541.0,123437.0,8951457.0,1.38
2001-01-20,16796.0,118692.0,8951457.0,1.33
2001-01-27,14859.0,126450.0,8951457.0,1.41
2001-02-03,15456.0,118875.0,8951457.0,1.33
2001-02-10,14792.0,125272.0,8951457.0,1.4
2001-02-17,13916.0,116574.0,8951457.0,1.3
2001-02-24,14885.0,124130.0,8951457.0,1.39
2001-03-03,13809.0,121957.0,8951457.0,1.36
2001-03-10,17274.0,126103.0,8951457.0,1.41
2001-03-17,16092.0,122619.0,8951457.0,1.37
2001-03-24,16028.0,128070.0,8951457.0,1.43
2001-03-31,16466.0,125400.0,8951457.0,1.4
2001-04-07,20182.0,128648.0,8951457.0,1.44
2001-04-14,15175.0,123866.0,9026478.0,1.37
2001-04-21,17253.0,134810.0,9026478.0,1.49
2001-04-28,16557.0,125857.0,9026478.0,1.39
2001-05-05,18143.0,137761.0,9026478.0,1.53
2001-05-12,16852.0,127110.0,9026478.0,1.41
2001-05-19,18701.0,140617.0,9026478.0,1.56
2001-05-26,17254.0,131779.0,9026478.0,1.46
2001-06-02,19196.0,145358.0,9026478.0,1.61
2001-06-09,16879.0,139449.0,9026478.0,1.54
2001-06-16,17372.0,150574.0,9026478.0,1.67
2001-06-23,17415.0,146834.0,9026478.0,1.63
2001-06-30,21124.0,156014.0,9026478.0,1.73
2001-07-07,20157.0,146458.0,9026478.0,1.62
2001-07-14,17211.0,161320.0,9094408.0,1.77
2001-07-21,17533.0,160647.0,9094408.0,1.77
2001-07-28,17491.0,163115.0,9094408.0,1.79
2001-08-04,18387.0,160884.0,9094408.0,1.77
2001-08-11,16267.0,163190.0,9094408.0,1.79
2001-08-18,16933.0,161556.0,9094408.0,1.78
2001-08-25,17223.0,163561.0,9094408.0,1.8
2001-09-01,18527.0,160424.0,9094408.0,1.76
2001-09-08,18693.0,157465.0,9094408.0,1.73
2001-09-15,14837.0,159593.0,9094408.0,1.75
2001-09-22,18562.0,159865.0,9094408.0,1.76
2001-09-29,21217.0,157005.0,9094408.0,1.73
2001-10-06,22852.0,161505.0,9094408.0,1.78
2001-10-13,24492.0,161130.0,9149677.0,1.76
2001-10-20,22297.0,170841.0,9149677.0,1.87
2001-10-27,23465.0,174610.0,9149677.0,1.91
2001-11-03,22477.0,177032.0,9149677.0,1.93
2001-11-10,24444.0,184100.0,9149677.0,2.01
2001-11-17,20092.0,183558.0,9149677.0,2.01
2001-11-24,23866.0,184466.0,9149677.0,2.02
2001-12-01,19123.0,203048.0,9149677.0,2.22
2001-12-08,26019.0,200898.0,9149677.0,2.2
2001-12-15,22536.0,204863.0,9149677.0,2.24
2001-12-22,26735.0,207534.0,9149677.0,2.27
2001-12-29,17437.0,196848.0,9149677.0,2.15
2002-01-05,17031.0,227754.0,9149677.0,2.49
2002-01-12,26115.0,216732.0,9187071.0,2.36
2002-01-19,22875.0,227661.0,9187071.0,2.48
2002-01-26,21413.0,212424.0,9187071.0,2.31
2002-02-02,18836.0,221053.0,9187071.0,2.41
2002-02-09,20255.0,210146.0,9187071.0,2.29
2002-02-16,17778.0,217532.0,9187071.0,2.37
2002-02-23,19044.0,208540.0,9187071.0,2.27
2002-03-02,16489.0,214055.0,9187071.0,2.33
2002-03-09,19582.0,205332.0,9187071.0,2.24
2002-03-16,19250.0,211517.0,9187071.0,2.3
2002-03-23,18092.0,206939.0,9187071.0,2.25
2002-03-30,16717.0,204789.0,9187071.0,2.23
2002-04-06,20763.0,198422.0,9187071.0,2.16
2002-04-13,20552.0,197887.0,9194742.0,2.15
2002-04-20,21639.0,197535.0,9194742.0,2.15
2002-04-27,22731.0,195680.0,9194742.0,2.13
2002-05-04,24868.0,196449.0,9194742.0,2.14
2002-05-11,22837.0,199530.0,9194742.0,2.17
2002-05-18,22851.0,200870.0,9194742.0,2.18
2002-05-25,20685.0,200482.0,9194742.0,2.18
2002-06-01,20331.0,198257.0,9194742.0,2.16
2002-06-08,22437.0,200975.0,9194742.0,2.19
2002-06-15,20326.0,197341.0,9194742.0,2.15
2002-06-22,19453.0,205513.0,9194742.0,2.24
2002-06-29,21639.0,197366.0,9194742.0,2.15
2002-07-06,24235.0,194956.0,9194742.0,2.12
2002-07-13,18599.0,204163.0,9176058.0,2.22
2002-07-20,20075.0,206367.0,9176058.0,2.25
2002-07-27,19427.0,205120.0,9176058.0,2.24
2002-08-03,22072.0,203119.0,9176058.0,2.21
2002-08-10,19451.0,202388.0,9176058.0,2.21
2002-08-17,18887.0,200879.0,9176058.0,2.19
2002-08-24,19441.0,199281.0,9176058.0,2.17
2002-08-31,18928.0,195683.0,9176058.0,2.13
2002-09-07,21763.0,188960.0,9176058.0,2.06
2002-09-14,17444.0,193058.0,9176058.0,2.1
2002-09-21,19077.0,191043.0,9176058.0,2.08
2002-09-28,19335.0,188859.0,9176058.0,2.06
2002-10-05,20631.0,187153.0,9176058.0,2.04
2002-10-12,21609.0,186092.0,9142687.0,2.04
2002-10-19,20677.0,186774.0,9142687.0,2.04
2002-10-26,20503.0,190849.0,9142687.0,2.09
2002-11-02,23245.0,188621.0,9142687.0,2.06
2002-11-09,22220.0,194115.0,9142687.0,2.12
2002-11-16,21220.0,192545.0,9142687.0,2.11
2002-11-23,21318.0,199282.0,9142687.0,2.18
2002-11-30,21382.0,177688.0,9142687.0,1.94
2002-12-07,18090.0,218444.0,9142687.0,2.39
2002-12-14,21263.0,193141.0,9142687.0,2.11
2002-12-21,23854.0,212294.0,9142687.0,2.32
2002-12-28,20716.0,183520.0,9142687.0,2.01
2003-01-04,14384.0,217834.0,9142687.0,2.38
2003-01-11,26623.0,203907.0,9112183.0,2.24
2003-01-18,23836.0,218417.0,9112183.0,2.4
2003-01-25,19481.0,202577.0,9112183.0,2.22
2003-02-01,18044.0,213536.0,9112183.0,2.34
2003-02-08,21984.0,199105.0,9112183.0,2.19
2003-02-15,21274.0,209615.0,9112183.0,2.3
2003-02-22,19950.0,200947.0,9112183.0,2.21
2003-03-01,15848.0,210330.0,9112183.0,2.31
2003-03-08,22310.0,200770.0,9112183.0,2.2
2003-03-15,24178.0,206496.0,9112183.0,2.27
2003-03-22,20662.0,202289.0,9112183.0,2.22
2003-03-29,20336.0,205731.0,9112183.0,2.26
2003-04-05,22242.0,197684.0,9112183.0,2.17
2003-04-12,23581.0,199200.0,9089816.0,2.19
2003-04-19,20169.0,198224.0,9089816.0,2.18
2003-04-26,20596.0,203247.0,9089816.0,2.24
2003-05-03,20973.0,200414.0,9089816.0,2.2
2003-05-10,20033.0,200553.0,9089816.0,2.21
2003-05-17,20214.0,200570.0,9089816.0,2.21
2003-05-24,20923.0,199746.0,9089816.0,2.2
2003-05-31,21303.0,198910.0,9089816.0,2.19
2003-06-07,22545.0,203549.0,9089816.0,2.24
2003-06-14,20504.0,201407.0,9089816.0,2.22
2003-06-21,19904.0,212057.0,9089816.0,2.33
2003-06-28,21806.0,205079.0,9089816.0,2.26
2003-07-05,23377.0,203782.0,9089816.0,2.24
2003-07-12,19925.0,212527.0,9080753.0,2.34
2003-07-19,19559.0,211440.0,9080753.0,2.33
2003-07-26,18779.0,214005.0,9080753.0,2.36
2003-08-02,18705.0,208133.0,9080753.0,2.29
2003-08-09,19217.0,208243.0,9080753.0,2.29
2003-08-16,18321.0,203004.0,9080753.0,2.24
2003-08-23,19363.0,205783.0,9080753.0,2.27
2003-08-30,18776.0,196501.0,9080753.0,2.16
2003-09-06,19046.0,194357.0,9080753.0,2.14
2003-09-13,16712.0,192338.0,9080753.0,2.12
2003-09-20,18596.0,191765.0,9080753.0,2.11
2003-09-27,17610.0,187276.0,9080753.0,2.06
2003-10-04,19231.0,186581.0,9080753.0,2.05
2003-10-11,21607.0,181722.0,9070547.0,2.0
2003-10-18,19192.0,184318.0,9070547.0,2.03
2003-10-25,20444.0,184621.0,9070547.0,2.04
2003-11-01,19936.0,183438.0,9070547.0,2.02
2003-11-08,21311.0,185694.0,9070547.0,2.05
2003-11-15,19829.0,182456.0,9070547.0,2.01
2003-11-22,19620.0,190842.0,9070547.0,2.1
2003-11-29,19907.0,168524.0,9070547.0,1.86
2003-12-06,16823.0,206146.0,9070547.0,2.27
2003-12-13,18684.0,181109.0,9070547.0,2.0
2003-12-20,21426.0,196035.0,9070547.0,2.16
2003-12-27,21838.0,162480.0,9070547.0,1.79
2004-01-03,11456.0,203853.0,9070547.0,2.25
2004-01-10,25141.0,186170.0,9034023.0,2.06
2004-01-17,22686.0,198239.0,9034023.0,2.19
2004-01-24,19298.0,186361.0,9034023.0,2.06
2004-01-31,16471.0,191662.0,9034023.0,2.12
2004-02-07,19673.0,179060.0,9034023.0,1.98
2004-02-14,17472.0,185049.0,9034023.0,2.05
2004-02-21,17073.0,178567.0,9034023.0,1.98
2004-02-28,15235.0,180233.0,9034023.0,2.0
2004-03-06,18113.0,174225.0,9034023.0,1.93
2004-03-13,17757.0,175618.0,9034023.0,1.94
2004-03-20,16786.0,170325.0,9034023.0,1.89
2004-03-27,15888.0,170215.0,9034023.0,1.88
2004-04-03,17053.0,164580.0,9034023.0,1.82
2004-04-10,18892.0,158412.0,9050104.0,1.75
2004-04-17,16672.0,161811.0,9050104.0,1.79
2004-04-24,17026.0,160731.0,9050104.0,1.78
2004-05-01,16816.0,158089.0,9050104.0,1.75
2004-05-08,17129.0,154537.0,9050104.0,1.71
2004-05-15,17675.0,152586.0,9050104.0,1.69
2004-05-22,17800.0,155137.0,9050104.0,1.71
2004-05-29,20274.0,151484.0,9050104.0,1.67
2004-06-05,18971.0,152708.0,9050104.0,1.69
2004-06-12,15567.0,154727.0,9050104.0,1.71
2004-06-19,17512.0,159203.0,9050104.0,1.76
2004-06-26,16432.0,155347.0,9050104.0,1.72
2004-07-03,18579.0,159036.0,9050104.0,1.76
2004-07-10,20493.0,153872.0,9061080.0,1.7
2004-07-17,18100.0,160210.0,9061080.0,1.77
2004-07-24,17107.0,162201.0,9061080.0,1.79
2004-07-31,15807.0,158565.0,9061080.0,1.75
2004-08-07,17473.0,156080.0,9061080.0,1.72
2004-08-14,15320.0,153515.0,9061080.0,1.69
2004-08-21,16415.0,153907.0,9061080.0,1.7
2004-08-28,15964.0,147128.0,9061080.0,1.62
2004-09-04,17626.0,146365.0,9061080.0,1.62
2004-09-11,14999.0,139638.0,9061080.0,1.54
2004-09-18,15277.0,145924.0,9061080.0,1.61
2004-09-25,14446.0,135991.0,9061080.0,1.5
2004-10-02,15181.0,140424.0,9061080.0,1.55
2004-10-09,19706.0,131147.0,9034791.0,1.45
2004-10-16,17306.0,133924.0,9034791.0,1.48
2004-10-23,16311.0,135924.0,9034791.0,1.5
2004-10-30,16572.0,134899.0,9034791.0,1.49
2004-11-06,18444.0,133951.0,9034791.0,1.48
2004-11-13,18665.0,131376.0,9034791.0,1.45
2004-11-20,20237.0,139293.0,9034791.0,1.54
2004-11-27,15988.0,123521.0,9034791.0,1.37
2004-12-04,15292.0,155029.0,9034791.0,1.72
2004-12-11,16250.0,133595.0,9034791.0,1.48
2004-12-18,18138.0,149158.0,9034791.0,1.65
2004-12-25,18676.0,131271.0,9034791.0,1.45
2005-01-01,12240.0,152601.0,9034791.0,1.69
2005-01-08,24996.0,145621.0,9043045.0,1.61
2005-01-15,18263.0,146764.0,9043045.0,1.62
2005-01-22,14663.0,148293.0,9043045.0,1.64
2005-01-29,15914.0,141665.0,9043045.0,1.57
2005-02-05,15981.0,137958.0,9043045.0,1.53
2005-02-12,14787.0,135026.0,9043045.0,1.49
2005-02-19,13235.0,135560.0,9043045.0,1.5
2005-02-26,13892.0,129567.0,9043045.0,1.43
2005-03-05,13011.0,130518.0,9043045.0,1.44
2005-03-12,16010.0,124072.0,9043045.0,1.37
2005-03-19,18181.0,124739.0,9043045.0,1.38
2005-03-26,14035.0,124439.0,9043045.0,1.38
2005-04-02,13922.0,127898.0,9043045.0,1.41
2005-04-09,17212.0,115620.0,9066286.0,1.28
2005-04-16,14273.0,116726.0,9066286.0,1.29
2005-04-23,17247.0,118150.0,9066286.0,1.3
2005-04-30,14672.0,114929.0,9066286.0,1.27
2005-05-07,15249.0,116245.0,9066286.0,1.28
2005-05-14,15213.0,118974.0,9066286.0,1.31
2005-05-21,16925.0,115015.0,9066286.0,1.27
2005-05-28,18240.0,112719.0,9066286.0,1.24
2005-06-04,17248.0,117190.0,9066286.0,1.29
2005-06-11,13363.0,118621.0,9066286.0,1.31
2005-06-18,14344.0,122059.0,9066286.0,1.35
2005-06-25,14123.0,118875.0,9066286.0,1.31
2005-07-02,16980.0,121726.0,9066286.0,1.34
2005-07-09,19407.0,116285.0,9095850.0,1.28
2005-07-16,13040.0,123916.0,9095850.0,1.36
2005-07-23,15077.0,125584.0,9095850.0,1.38
2005-07-30,13931.0,124297.0,9095850.0,1.37
2005-08-06,14334.0,118660.0,9095850.0,1.3
2005-08-13,14140.0,118683.0,9095850.0,1.3
2005-08-20,14055.0,118338.0,9095850.0,1.3
2005-08-27,13687.0,113708.0,9095850.0,1.25
2005-09-03,19300.0,112996.0,9095850.0,1.24
2005-09-10,22806.0,106312.0,9095850.0,1.17
2005-09-17,11364.0,120207.0,9095850.0,1.32
2005-09-24,11110.0,123005.0,9095850.0,1.35
2005-10-01,29041.0,138357.0,9095850.0,1.52
2005-10-08,30949.0,142660.0,9137795.0,1.56
2005-10-15,21705.0,157374.0,9137795.0,1.72
2005-10-22,17625.0,145417.0,9137795.0,1.59
2005-10-29,15438.0,151343.0,9137795.0,1.66
2005-11-05,15469.0,140653.0,9137795.0,1.54
2005-11-12,14175.0,138383.0,9137795.0,1.51
2005-11-19,17553.0,143037.0,9137795.0,1.57
2005-11-26,13300.0,126802.0,9137795.0,1.39
2005-12-03,12806.0,138753.0,9137795.0,1.52
2005-12-10,14169.0,129728.0,9137795.0,1.42
2005-12-17,14323.0,145323.0,9137795.0,1.59
2005-12-24,16120.0,135631.0,9137795.0,1.48
2005-12-31,12334.0,141790.0,9137795.0,1.55
2006-01-07,16082.0,141161.0,9137795.0,1.54
2006-01-14,15283.0,142607.0,8776992.0,1.62
2006-01-21,13809.0,139189.0,8776992.0,1.59
2006-01-28,11757.0,139563.0,8776992.0,1.59
2006-02-04,12652.0,134844.0,8776992.0,1.54
2006-02-11,12027.0,133149.0,8776992.0,1.52
2006-02-18,11553.0,126594.0,8776992.0,1.44
2006-02-25,11596.0,119225.0,8776992.0,1.36
2006-03-04,11162.0,115262.0,8776992.0,1.31
2006-03-11,14049.0,112901.0,8776992.0,1.29
2006-03-18,12233.0,109643.0,8776992.0,1.25
2006-03-25,10884.0,108739.0,8776992.0,1.24
2006-04-01,11903.0,103203.0,8776992.0,1.18
2006-04-08,14287.0,100564.0,8752536.0,1.15
2006-04-15,11291.0,98179.0,8752536.0,1.12
2006-04-22,12473.0,100959.0,8752536.0,1.15
2006-04-29,11732.0,95793.0,8752536.0,1.09
2006-05-06,13090.0,98734.0,8752536.0,1.13
2006-05-13,12451.0,94356.0,8752536.0,1.08
2006-05-20,13087.0,99665.0,8752536.0,1.14
2006-05-27,16358.0,93715.0,8752536.0,1.07
2006-06-03,14222.0,99357.0,8752536.0,1.14
2006-06-10,12157.0,98305.0,8752536.0,1.12
2006-06-17,12550.0,104610.0,8752536.0,1.2
2006-06-24,13010.0,100234.0,8752536.0,1.15
2006-07-01,13811.0,105922.0,8752536.0,1.21
2006-07-08,16488.0,99757.0,9152475.0,1.09
2006-07-15,11773.0,108011.0,9152475.0,1.18
2006-07-22,12376.0,108889.0,9152475.0,1.19
2006-07-29,13122.0,107955.0,9152475.0,1.18
2006-08-05,13021.0,105343.0,9152475.0,1.15
2006-08-12,12159.0,106487.0,9152475.0,1.16
2006-08-19,12049.0,103922.0,9152475.0,1.14
2006-08-26,12222.0,100046.0,9152475.0,1.09
2006-09-02,12811.0,99199.0,9152475.0,1.08
2006-09-09,11981.0,96091.0,9152475.0,1.05
2006-09-16,10329.0,100403.0,9152475.0,1.1
2006-09-23,11119.0,95149.0,9152475.0,1.04
2006-09-30,11507.0,97920.0,9152475.0,1.07
2006-10-07,13144.0,91757.0,9152475.0,1.0
2006-10-14,12306.0,93923.0,9233824.0,1.02
2006-10-21,12120.0,93940.0,9233824.0,1.02
2006-10-28,11680.0,94399.0,9233824.0,1.02
2006-11-04,14075.0,93857.0,9233824.0,1.02
2006-11-11,12753.0,94299.0,9233824.0,1.02
2006-11-18,14953.0,95469.0,9233824.0,1.03
2006-11-25,19859.0,89300.0,9233824.0,0.97
2006-12-02,14252.0,106899.0,9233824.0,1.16
2006-12-09,13500.0,96991.0,9233824.0,1.05
2006-12-16,13302.0,105314.0,9233824.0,1.14
2006-12-23,17091.0,98019.0,9233824.0,1.06
2006-12-30,11423.0,102783.0,9233824.0,1.11
2007-01-06,12699.0,105544.0,9233824.0,1.14
2007-01-13,16331.0,109477.0,9238010.0,1.19
2007-01-20,11349.0,103679.0,9238010.0,1.12
2007-01-27,14371.0,108150.0,9238010.0,1.17
2007-02-03,12348.0,101050.0,9238010.0,1.09
2007-02-10,11851.0,104820.0,9238010.0,1.13
2007-02-17,11031.0,97648.0,9238010.0,1.06
2007-02-24,10477.0,100400.0,9238010.0,1.09
2007-03-03,11865.0,95539.0,9238010.0,1.03
2007-03-10,14702.0,97862.0,9238010.0,1.06
2007-03-17,12129.0,92563.0,9238010.0,1.0
2007-03-24,11644.0,99961.0,9238010.0,1.08
2007-03-31,11373.0,91271.0,9238010.0,0.99
2007-04-07,13540.0,93274.0,9238010.0,1.01
2007-04-14,12119.0,89256.0,9323110.0,0.96
2007-04-21,12512.0,95730.0,9323110.0,1.03
2007-04-28,11466.0,88681.0,9323110.0,0.95
2007-05-05,12506.0,94215.0,9323110.0,1.01
2007-05-12,12173.0,86944.0,9323110.0,0.93
2007-05-19,12751.0,92958.0,9323110.0,1.0
2007-05-26,14900.0,87106.0,9323110.0,0.93
2007-06-02,12984.0,91740.0,9323110.0,0.98
2007-06-09,13885.0,91011.0,9323110.0,0.98
2007-06-16,12433.0,95501.0,9323110.0,1.02
2007-06-23,12104.0,95080.0,9323110.0,1.02
2007-06-30,12664.0,97982.0,9323110.0,1.05
2007-07-07,13403.0,94742.0,9323110.0,1.02
2007-07-14,12719.0,100563.0,9410041.0,1.07
2007-07-21,12488.0,103705.0,9410041.0,1.1
2007-07-28,11496.0,102871.0,9410041.0,1.09
2007-08-04,12384.0,101703.0,9410041.0,1.08
2007-08-11,12694.0,102292.0,9410041.0,1.09
2007-08-18,11386.0,100547.0,9410041.0,1.07
2007-08-25,11539.0,100097.0,9410041.0,1.06
2007-09-01,13068.0,98539.0,9410041.0,1.05
2007-09-08,10598.0,93014.0,9410041.0,0.99
2007-09-15,11520.0,95165.0,9410041.0,1.01
2007-09-22,11439.0,91903.0,9410041.0,0.98
2007-09-29,12751.0,91716.0,9410041.0,0.97
2007-10-06,12528.0,90738.0,9410041.0,0.96
2007-10-13,12809.0,87752.0,9395717.0,0.93
2007-10-20,11912.0,90875.0,9395717.0,0.97
2007-10-27,12562.0,91333.0,9395717.0,0.97
2007-11-03,12983.0,93133.0,9395717.0,0.99
2007-11-10,13779.0,94518.0,9395717.0,1.01
2007-11-17,14876.0,94868.0,9395717.0,1.01
2007-11-24,11451.0,90665.0,9395717.0,0.96
2007-12-01,14542.0,107619.0,9395717.0,1.15
2007-12-08,13787.0,98314.0,9395717.0,1.05
2007-12-15,13545.0,105543.0,9395717.0,1.12
2007-12-22,17933.0,100067.0,9395717.0,1.07
2007-12-29,9309.0,101777.0,9395717.0,1.08
2008-01-05,12388.0,109875.0,9395717.0,1.17
2008-01-12,16181.0,114125.0,9521337.0,1.2
2008-01-19,14692.0,109365.0,9521337.0,1.15
2008-01-26,11805.0,109296.0,9521337.0,1.15
2008-02-02,12968.0,108412.0,9521337.0,1.14
2008-02-09,12714.0,105710.0,9521337.0,1.11
2008-02-16,11990.0,106372.0,9521337.0,1.12
2008-02-23,11881.0,105395.0,9521337.0,1.11
2008-03-01,12442.0,107848.0,9521337.0,1.13
2008-03-08,13072.0,105313.0,9521337.0,1.11
2008-03-15,15247.0,107446.0,9521337.0,1.13
2008-03-22,12700.0,105187.0,9521337.0,1.1
2008-03-29,12344.0,107446.0,9521337.0,1.13
2008-04-05,14721.0,103573.0,9521337.0,1.09
2008-04-12,14823.0,104120.0,9729779.0,1.07
2008-04-19,16760.0,104805.0,9729779.0,1.08
2008-04-26,13387.0,105437.0,9729779.0,1.08
2008-05-03,13463.0,110232.0,9729779.0,1.13
2008-05-10,13663.0,106572.0,9729779.0,1.1
2008-05-17,13705.0,109298.0,9729779.0,1.12
2008-05-24,13503.0,106899.0,9729779.0,1.1
2008-05-31,14513.0,109886.0,9729779.0,1.13
2008-06-07,17244.0,109643.0,9729779.0,1.13
2008-06-14,14580.0,110729.0,9729779.0,1.14
2008-06-21,13903.0,118061.0,9729779.0,1.21
2008-06-28,15440.0,115019.0,9729779.0,1.18
2008-07-05,13084.0,119730.0,9729779.0,1.23
2008-07-12,15782.0,120095.0,9890368.0,1.21
2008-07-19,16944.0,127602.0,9890368.0,1.29
2008-07-26,13744.0,123535.0,9890368.0,1.25
2008-08-02,15671.0,129602.0,9890368.0,1.31
2008-08-09,15261.0,124027.0,9890368.0,1.25
2008-08-16,14393.0,126967.0,9890368.0,1.28
2008-08-23,16465.0,125839.0,9890368.0,1.27
2008-08-30,15650.0,125496.0,9890368.0,1.27
2008-09-06,12395.0,120705.0,9890368.0,1.22
2008-09-13,13625.0,121785.0,9890368.0,1.23
2008-09-20,35860.0,116371.0,9890368.0,1.18
2008-09-27,49398.0,130513.0,9890368.0,1.32
2008-10-04,31480.0,148560.0,9890368.0,1.5
2008-10-11,25512.0,142724.0,10049842.0,1.42
2008-10-18,24679.0,139136.0,10049842.0,1.38
2008-10-25,18781.0,139472.0,10049842.0,1.39
2008-11-01,19982.0,140768.0,10049842.0,1.4
2008-11-08,21205.0,143041.0,10049842.0,1.42
2008-11-15,20697.0,144994.0,10049842.0,1.44
2008-11-22,25399.0,155335.0,10049842.0,1.55
2008-11-29,18270.0,145257.0,10049842.0,1.45
2008-12-06,27368.0,175715.0,10049842.0,1.75
2008-12-13,24785.0,160963.0,10049842.0,1.6
2008-12-20,27724.0,182226.0,10049842.0,1.81
2008-12-27,14492.0,160274.0,10049842.0,1.59
2009-01-03,21677.0,196976.0,10049842.0,1.96
2009-01-10,30830.0,189013.0,10193247.0,1.85
2009-01-17,31367.0,206082.0,10193247.0,2.02
2009-01-24,24183.0,202492.0,10193247.0,1.99
2009-01-31,25646.0,215669.0,10193247.0,2.12
2009-02-07,29038.0,206279.0,10193247.0,2.02
2009-02-14,27851.0,225370.0,10193247.0,2.21
2009-02-21,26829.0,223184.0,10193247.0,2.19
2009-02-28,26562.0,238645.0,10193247.0,2.34
2009-03-07,30569.0,239186.0,10193247.0,2.35
2009-03-14,31597.0,251071.0,10193247.0,2.46
2009-03-21,26775.0,255582.0,10193247.0,2.51
2009-03-28,25623.0,269495.0,10193247.0,2.64
2009-04-04,29357.0,268407.0,10193247.0,2.63
2009-04-11,26651.0,269994.0,10234492.0,2.64
2009-04-18,24333.0,280385.0,10234492.0,2.74
2009-04-25,24649.0,284225.0,10234492.0,2.78
2009-05-02,25239.0,287836.0,10234492.0,2.81
2009-05-09,25579.0,287826.0,10234492.0,2.81
2009-05-16,25596.0,292144.0,10234492.0,2.85
2009-05-23,27144.0,295538.0,10234492.0,2.89
2009-05-30,24258.0,292580.0,10234492.0,2.86
2009-06-06,27807.0,302378.0,10234492.0,2.95
2009-06-13,26456.0,297829.0,10234492.0,2.91
2009-06-20,23697.0,313537.0,10234492.0,3.06
2009-06-27,23453.0,305663.0,10234492.0,2.99
2009-07-04,23650.0,314204.0,10234492.0,3.07
2009-07-11,25376.0,308982.0,10256771.0,3.01
2009-07-18,22968.0,313647.0,10256771.0,3.06
2009-07-25,22578.0,313137.0,10256771.0,3.05
2009-08-01,21447.0,309672.0,10256771.0,3.02
2009-08-08,23016.0,304750.0,10256771.0,2.97
2009-08-15,20459.0,299742.0,10256771.0,2.92
2009-08-22,19927.0,295488.0,10256771.0,2.88
2009-08-29,22764.0,288898.0,10256771.0,2.82
2009-09-05,21955.0,281380.0,10256771.0,2.74
2009-09-12,17332.0,270468.0,10256771.0,2.64
2009-09-19,21278.0,276553.0,10256771.0,2.7
2009-09-26,21141.0,263598.0,10256771.0,2.57
2009-10-03,22432.0,270309.0,10256771.0,2.64
2009-10-10,24063.0,255649.0,10229773.0,2.5
2009-10-17,21720.0,263436.0,10229773.0,2.58
2009-10-24,22230.0,258201.0,10229773.0,2.52
2009-10-31,23195.0,260140.0,10229773.0,2.54
2009-11-07,24954.0,256027.0,10229773.0,2.5
2009-11-14,20244.0,254048.0,10229773.0,2.48
2009-11-21,23744.0,259781.0,10229773.0,2.54
2009-11-28,14225.0,242545.0,10229773.0,2.37
2009-12-05,26447.0,270021.0,10229773.0,2.64
2009-12-12,21859.0,252344.0,10229773.0,2.47
2009-12-19,21065.0,266245.0,10229773.0,2.6
2009-12-26,13109.0,240644.0,10229773.0,2.35
2010-01-02,16583.0,265975.0,10229773.0,2.6
2010-01-09,32475.0,261160.0,10229773.0,2.55
2010-01-16,24421.0,264374.0,10151451.0,2.6
2010-01-23,19985.0,254414.0,10151451.0,2.51
2010-01-30,21108.0,256819.0,10151451.0,2.53
2010-02-06,21864.0,246546.0,10151451.0,2.43
2010-02-13,19228.0,249038.0,10151451.0,2.45
2010-02-20,18206.0,243367.0,10151451.0,2.4
2010-02-27,19646.0,246629.0,10151451.0,2.43
2010-03-06,20525.0,239272.0,10151451.0,2.36
2010-03-13,18933.0,238815.0,10151451.0,2.35
2010-03-20,17567.0,233413.0,10151451.0,2.3
2010-03-27,21207.0,236970.0,10151451.0,2.33
2010-04-03,18069.0,224247.0,10151451.0,2.21
2010-04-10,22645.0,225666.0,10151451.0,2.22
2010-04-17,20149.0,218901.0,10054936.0,2.18
2010-04-24,19628.0,233963.0,10054936.0,2.33
2010-05-01,19643.0,219271.0,10054936.0,2.18
2010-05-08,20207.0,220836.0,10054936.0,2.2
2010-05-15,19563.0,211257.0,10054936.0,2.1
2010-05-22,20042.0,217016.0,10054936.0,2.16
2010-05-29,18979.0,210170.0,10054936.0,2.09
2010-06-05,18360.0,212593.0,10054936.0,2.11
2010-06-12,21331.0,211377.0,10054936.0,2.1
2010-06-19,20268.0,221742.0,10054936.0,2.21
2010-06-26,20490.0,222802.0,10054936.0,2.22
2010-07-03,19812.0,227549.0,10054936.0,2.26
2010-07-10,21927.0,226038.0,9958054.0,2.27
2010-07-17,21123.0,233302.0,9958054.0,2.34
2010-07-24,19095.0,241794.0,9958054.0,2.43
2010-07-31,19358.0,240456.0,9958054.0,2.41
2010-08-07,20429.0,234657.0,9958054.0,2.36
2010-08-14,19271.0,216017.0,9958054.0,2.17
2010-08-21,18941.0,218763.0,9958054.0,2.2
2010-08-28,19683.0,210636.0,9958054.0,2.12
2010-09-04,20492.0,210311.0,9958054.0,2.11
2010-09-11,16674.0,197869.0,9958054.0,1.99
2010-09-18,18526.0,207868.0,9958054.0,2.09
2010-09-25,18445.0,198589.0,9958054.0,1.99
2010-10-02,18660.0,202693.0,9958054.0,2.04
2010-10-09,23331.0,190669.0,9958054.0,1.91
2010-10-16,18946.0,195886.0,9958054.0,1.97
2010-10-23,19581.0,201208.0,9900028.0,2.03
2010-10-30,19044.0,195252.0,9900028.0,1.97
2010-11-06,20679.0,198148.0,9900028.0,2.0
2010-11-13,18047.0,190017.0,9900028.0,1.92
2010-11-20,21046.0,202782.0,9900028.0,2.05
2010-11-27,12304.0,183955.0,9900028.0,1.86
2010-12-04,24115.0,216383.0,9900028.0,2.19
2010-12-11,19988.0,190790.0,9900028.0,1.93
2010-12-18,18494.0,208598.0,9900028.0,2.11
2010-12-25,14590.0,190908.0,9900028.0,1.93
2011-01-01,15967.0,215523.0,9900028.0,2.18
2011-01-08,29795.0,208196.0,9900028.0,2.1
2011-01-15,22605.0,208853.0,9900028.0,2.11
2011-01-22,18281.0,202404.0,9900028.0,2.04
2011-01-29,18897.0,206902.0,9900028.0,2.09
2011-02-05,15240.0,194441.0,9929409.0,1.96
2011-02-12,17411.0,200536.0,9929409.0,2.02
2011-02-19,16580.0,194315.0,9929409.0,1.96
2011-02-26,14873.0,191750.0,9929409.0,1.93
2011-03-05,17701.0,186312.0,9929409.0,1.88
2011-03-12,16709.0,183354.0,9929409.0,1.85
2011-03-19,15622.0,181406.0,9929409.0,1.83
2011-03-26,19488.0,186808.0,9929409.0,1.88
2011-04-02,16575.0,176443.0,9929409.0,1.78
2011-04-09,21683.0,175091.0,9929409.0,1.76
2011-04-16,17801.0,171736.0,9929409.0,1.73
2011-04-23,17682.0,181193.0,9929409.0,1.82
2011-04-30,18678.0,171437.0,9929409.0,1.73
2011-05-07,19549.0,180707.0,9929409.0,1.82
2011-05-14,18431.0,172421.0,9929409.0,1.74
2011-05-21,18337.0,182093.0,9929409.0,1.83
2011-05-28,17678.0,173286.0,9929409.0,1.75
2011-06-04,17871.0,179629.0,9929409.0,1.81
2011-06-11,21204.0,176189.0,9929409.0,1.77
2011-06-18,19672.0,187689.0,9929409.0,1.89
2011-06-25,19620.0,186474.0,9929409.0,1.88
2011-07-02,19269.0,191339.0,9929409.0,1.93
2011-07-09,20025.0,183057.0,9976569.0,1.83
2011-07-16,20240.0,191994.0,9976569.0,1.92
2011-07-23,19439.0,194360.0,9976569.0,1.95
2011-07-30,17611.0,193610.0,9976569.0,1.94
2011-08-06,18985.0,192466.0,9976569.0,1.93
2011-08-13,17295.0,190177.0,9976569.0,1.91
2011-08-20,17824.0,193051.0,9976569.0,1.94
2011-08-27,17731.0,186451.0,9976569.0,1.87
2011-09-03,18970.0,187100.0,9976569.0,1.88
2011-09-10,15194.0,173861.0,9976569.0,1.74
2011-09-17,17271.0,183571.0,9976569.0,1.84
2011-09-24,16504.0,174344.0,9976569.0,1.75
2011-10-01,16382.0,180896.0,9976569.0,1.81
2011-10-08,21026.0,169261.0,10030504.0,1.69
2011-10-15,17537.0,174199.0,10030504.0,1.74
2011-10-22,17892.0,176227.0,10030504.0,1.76
2011-10-29,17538.0,174692.0,10030504.0,1.74
2011-11-05,19873.0,173786.0,10030504.0,1.73
2011-11-12,17042.0,170215.0,10030504.0,1.7
2011-11-19,20143.0,179126.0,10030504.0,1.79
2011-11-26,11600.0,168824.0,10030504.0,1.68
2011-12-03,22081.0,196053.0,10030504.0,1.95
2011-12-10,18101.0,173402.0,10030504.0,1.73
2011-12-17,16354.0,188851.0,10030504.0,1.88
2011-12-24,15478.0,175238.0,10030504.0,1.75
2011-12-31,13093.0,187587.0,10030504.0,1.87
2012-01-07,27039.0,195298.0,10092403.0,1.94
2012-01-14,20159.0,188266.0,10092403.0,1.87
2012-01-21,16128.0,184056.0,10092403.0,1.82
2012-01-28,17613.0,186542.0,10092403.0,1.85
2012-02-04,16983.0,176585.0,10092403.0,1.75
2012-02-11,15730.0,176460.0,10092403.0,1.75
2012-02-18,15549.0,172258.0,10092403.0,1.71
2012-02-25,14014.0,171982.0,10092403.0,1.7
2012-03-03,16130.0,168795.0,10092403.0,1.67
2012-03-10,15917.0,164291.0,10092403.0,1.63
2012-03-17,14130.0,162134.0,10092403.0,1.61
2012-03-24,18315.0,168232.0,10092403.0,1.67
2012-03-31,15365.0,158508.0,10092403.0,1.57
2012-04-07,18997.0,159710.0,10092403.0,1.58
2012-04-14,17012.0,154326.0,10158134.0,1.52
2012-04-21,16932.0,161893.0,10158134.0,1.59
2012-04-28,17169.0,155800.0,10158134.0,1.53
2012-05-05,18398.0,159389.0,10158134.0,1.57
2012-05-12,16952.0,152911.0,10158134.0,1.51
2012-05-19,18600.0,160289.0,10158134.0,1.58
2012-05-26,18224.0,155767.0,10158134.0,1.53
2012-06-02,16370.0,160961.0,10158134.0,1.58
2012-06-09,20398.0,158108.0,10158134.0,1.56
2012-06-16,19631.0,166872.0,10158134.0,1.64
2012-06-23,19471.0,171800.0,10158134.0,1.69
2012-06-30,17275.0,171263.0,10158134.0,1.69
2012-07-07,18599.0,169403.0,10158134.0,1.67
2012-07-14,19300.0,173540.0,10218819.0,1.7
2012-07-21,17402.0,180015.0,10218819.0,1.76
2012-07-28,16640.0,175373.0,10218819.0,1.72
2012-08-04,17304.0,179792.0,10218819.0,1.76
2012-08-11,16644.0,167561.0,10218819.0,1.64
2012-08-18,17161.0,175896.0,10218819.0,1.72
2012-08-25,17287.0,169743.0,10218819.0,1.66
2012-09-01,18091.0,172902.0,10218819.0,1.69
2012-09-08,17074.0,162829.0,10218819.0,1.59
2012-09-15,16711.0,166291.0,10218819.0,1.63
2012-09-22,16612.0,159281.0,10218819.0,1.56
2012-09-29,15739.0,161004.0,10218819.0,1.58
2012-10-06,17463.0,155467.0,10218819.0,1.52
2012-10-13,18792.0,154715.0,10288056.0,1.5
2012-10-20,17220.0,155286.0,10288056.0,1.51
2012-10-27,16681.0,157327.0,10288056.0,1.53
2012-11-03,17071.0,155267.0,10288056.0,1.51
2012-11-10,18603.0,153932.0,10288056.0,1.5
2012-11-17,18504.0,154664.0,10288056.0,1.5
2012-11-24,12079.0,151754.0,10288056.0,1.48
2012-12-01,22514.0,171573.0,10288056.0,1.67
2012-12-08,18664.0,160836.0,10288056.0,1.56
2012-12-15,17128.0,165427.0,10288056.0,1.61
2012-12-22,16952.0,161742.0,10288056.0,1.57
2012-12-29,9477.0,157888.0,10288056.0,1.53
2013-01-05,18146.0,170461.0,10288056.0,1.66
2013-01-12,30932.0,176283.0,10361230.0,1.7
2013-01-19,20484.0,176204.0,10361230.0,1.7
2013-01-26,15402.0,174375.0,10361230.0,1.68
2013-02-02,17473.0,169383.0,10361230.0,1.63
2013-02-09,17112.0,161316.0,10361230.0,1.56
2013-02-16,16273.0,164350.0,10361230.0,1.59
2013-02-23,14939.0,161070.0,10361230.0,1.55
2013-03-02,15746.0,161576.0,10361230.0,1.56
2013-03-09,16386.0,155394.0,10361230.0,1.5
2013-03-16,15569.0,155283.0,10361230.0,1.5
2013-03-23,18305.0,159948.0,10361230.0,1.54
2013-03-30,14816.0,156099.0,10361230.0,1.51
2013-04-06,17261.0,154780.0,10361230.0,1.49
2013-04-13,20311.0,152539.0,10435895.0,1.46
2013-04-20,17241.0,155636.0,10435895.0,1.49
2013-04-27,16799.0,158224.0,10435895.0,1.52
2013-05-04,17294.0,153872.0,10435895.0,1.47
2013-05-11,17368.0,154424.0,10435895.0,1.48
2013-05-18,17696.0,154146.0,10435895.0,1.48
2013-05-25,17088.0,160262.0,10435895.0,1.54
2013-06-01,15212.0,157846.0,10435895.0,1.51
2013-06-08,18219.0,162735.0,10435895.0,1.56
2013-06-15,17761.0,157419.0,10435895.0,1.51
2013-06-22,17997.0,168380.0,10435895.0,1.61
2013-06-29,18488.0,165884.0,10435895.0,1.59
2013-07-06,15355.0,166061.0,10435895.0,1.59
2013-07-13,21356.0,168924.0,10523664.0,1.61
2013-07-20,18971.0,172801.0,10523664.0,1.64
2013-07-27,16189.0,174354.0,10523664.0,1.66
2013-08-03,17340.0,171760.0,10523664.0,1.63
2013-08-10,16446.0,168808.0,10523664.0,1.6
2013-08-17,16226.0,170198.0,10523664.0,1.62
2013-08-24,15472.0,167441.0,10523664.0,1.59
2013-08-31,15764.0,166723.0,10523664.0,1.58
2013-09-07,14773.0,158017.0,10523664.0,1.5
2013-09-14,16054.0,159589.0,10523664.0,1.52
2013-09-21,16036.0,158555.0,10523664.0,1.51
2013-09-28,14781.0,156252.0,10523664.0,1.48
2013-10-05,16206.0,152642.0,10523664.0,1.45
2013-10-12,16283.0,148347.0,10605732.0,1.4
2013-10-19,15299.0,150577.0,10605732.0,1.42
2013-10-26,16070.0,151533.0,10605732.0,1.43
2013-11-02,16669.0,149077.0,10605732.0,1.41
2013-11-09,18405.0,149903.0,10605732.0,1.41
2013-11-16,15821.0,148254.0,10605732.0,1.4
2013-11-23,17920.0,158104.0,10605732.0,1.49
2013-11-30,10636.0,145667.0,10605732.0,1.37
2013-12-07,20397.0,171698.0,10605732.0,1.62
2013-12-14,15493.0,152943.0,10605732.0,1.44
2013-12-21,16033.0,166582.0,10605732.0,1.57
2013-12-28,9310.0,142121.0,10605732.0,1.34
2014-01-04,15948.0,168844.0,10605732.0,1.59
2014-01-11,28748.0,162251.0,10682247.0,1.52
2014-01-18,19959.0,177750.0,10682247.0,1.66
2014-01-25,15807.0,165568.0,10682247.0,1.55
2014-02-01,16699.0,175551.0,10682247.0,1.64
2014-02-08,17139.0,162426.0,10682247.0,1.52
2014-02-15,15530.0,168332.0,10682247.0,1.58
2014-02-22,13913.0,159351.0,10682247.0,1.49
2014-03-01,15158.0,164833.0,10682247.0,1.54
2014-03-08,15544.0,156558.0,10682247.0,1.47
2014-03-15,14171.0,159410.0,10682247.0,1.49
2014-03-22,16595.0,160028.0,10682247.0,1.5
2014-03-29,14774.0,157872.0,10682247.0,1.48
2014-04-05,16139.0,152293.0,10682247.0,1.43
2014-04-12,17931.0,149872.0,10761074.0,1.39
2014-04-19,14813.0,149189.0,10761074.0,1.39
2014-04-26,15360.0,154065.0,10761074.0,1.43
2014-05-03,16507.0,147881.0,10761074.0,1.37
2014-05-10,16130.0,147494.0,10761074.0,1.37
2014-05-17,16955.0,146606.0,10761074.0,1.36
2014-05-24,16695.0,149847.0,10761074.0,1.39
2014-05-31,15735.0,149155.0,10761074.0,1.39
2014-06-07,17835.0,151074.0,10761074.0,1.4
2014-06-14,16494.0,148971.0,10761074.0,1.38
2014-06-21,16722.0,155551.0,10761074.0,1.45
2014-06-28,16951.0,157568.0,10761074.0,1.46
2014-07-05,14028.0,151934.0,10761074.0,1.41
2014-07-12,19175.0,156693.0,10837135.0,1.45
2014-07-19,16211.0,155648.0,10837135.0,1.44
2014-07-26,14457.0,163268.0,10837135.0,1.51
2014-08-02,14149.0,152760.0,10837135.0,1.41
2014-08-09,14908.0,153997.0,10837135.0,1.42
2014-08-16,13858.0,147195.0,10837135.0,1.36
2014-08-23,14166.0,152401.0,10837135.0,1.41
2014-08-30,14089.0,142312.0,10837135.0,1.31
2014-09-06,13798.0,141662.0,10837135.0,1.31
2014-09-13,13473.0,134400.0,10837135.0,1.24
2014-09-20,13141.0,135787.0,10837135.0,1.25
2014-09-27,12506.0,130002.0,10837135.0,1.2
2014-10-04,14482.0,130981.0,10837135.0,1.21
2014-10-11,16097.0,122813.0,10913129.0,1.13
2014-10-18,14377.0,125241.0,10913129.0,1.15
2014-10-25,13819.0,125857.0,10913129.0,1.15
2014-11-01,14054.0,126003.0,10913129.0,1.15
2014-11-08,16440.0,125826.0,10913129.0,1.15
2014-11-15,15335.0,123156.0,10913129.0,1.13
2014-11-22,16016.0,131892.0,10913129.0,1.21
2014-11-29,9703.0,121246.0,10913129.0,1.11
2014-12-06,18810.0,143201.0,10913129.0,1.31
2014-12-13,14828.0,125895.0,10913129.0,1.15
2014-12-20,15057.0,139598.0,10913129.0,1.28
2014-12-27,8049.0,120152.0,10913129.0,1.1
2015-01-03,13471.0,144823.0,10913129.0,1.33
2015-01-10,25783.0,140712.0,10913129.0,1.29
2015-01-17,19674.0,146275.0,10995551.0,1.33
2015-01-24,17117.0,138914.0,10995551.0,1.26
2015-01-31,17981.0,146373.0,10995551.0,1.33
2015-02-07,20418.0,140062.0,10995551.0,1.27
2015-02-14,17999.0,144077.0,10995551.0,1.31
2015-02-21,17182.0,146142.0,10995551.0,1.33
2015-02-28,17136.0,150006.0,10995551.0,1.36
2015-03-07,19075.0,151623.0,10995551.0,1.38
2015-03-14,17302.0,152495.0,10995551.0,1.39
2015-03-21,19337.0,159807.0,10995551.0,1.45
2015-03-28,18361.0,157749.0,10995551.0,1.43
2015-04-04,18356.0,158860.0,10995551.0,1.44
2015-04-11,21023.0,153084.0,10995551.0,1.39
2015-04-18,18860.0,164025.0,11081594.0,1.48
2015-04-25,17372.0,166152.0,11081594.0,1.5
2015-05-02,17228.0,166681.0,11081594.0,1.5
2015-05-09,17348.0,163074.0,11081594.0,1.47
2015-05-16,17021.0,165610.0,11081594.0,1.49
2015-05-23,17595.0,169900.0,11081594.0,1.53
2015-05-30,15015.0,169756.0,11081594.0,1.53
2015-06-06,18504.0,174319.0,11081594.0,1.57
2015-06-13,16929.0,169953.0,11081594.0,1.53
2015-06-20,17436.0,179381.0,11081594.0,1.62
2015-06-27,18491.0,180742.0,11081594.0,1.63
2015-07-04,16086.0,180249.0,11081594.0,1.63
2015-07-11,19605.0,179996.0,11181963.0,1.61
2015-07-18,16431.0,181065.0,11181963.0,1.62
2015-07-25,16270.0,187330.0,11181963.0,1.68
2015-08-01,16281.0,182537.0,11181963.0,1.63
2015-08-08,16692.0,183428.0,11181963.0,1.64
2015-08-15,15621.0,176760.0,11181963.0,1.58
2015-08-22,15367.0,181437.0,11181963.0,1.62
2015-08-29,15925.0,173055.0,11181963.0,1.55
2015-09-05,17045.0,170253.0,11181963.0,1.52
2015-09-12,13476.0,160294.0,11181963.0,1.43
2015-09-19,15661.0,169115.0,11181963.0,1.51
2015-09-26,15160.0,161106.0,11181963.0,1.44
2015-10-03,16483.0,163862.0,11181963.0,1.47
2015-10-10,19110.0,151925.0,11275316.0,1.35
2015-10-17,16217.0,159631.0,11275316.0,1.42
2015-10-24,16449.0,159096.0,11275316.0,1.41
2015-10-31,16966.0,162024.0,11275316.0,1.44
2015-11-07,19421.0,160947.0,11275316.0,1.43
2015-11-14,16301.0,160704.0,11275316.0,1.43
2015-11-21,18146.0,169363.0,11275316.0,1.5
2015-11-28,10921.0,157411.0,11275316.0,1.4
2015-12-05,21703.0,182647.0,11275316.0,1.62
2015-12-12,17168.0,162238.0,11275316.0,1.44
2015-12-19,16016.0,177836.0,11275316.0,1.58
2015-12-26,10933.0,160420.0,11275316.0,1.42
2016-01-02,12859.0,180569.0,11275316.0,1.6
2016-01-09,26258.0,179040.0,11181963.0,1.6
2016-01-16,19126.0,181738.0,11181963.0,1.63
2016-01-23,16838.0,175742.0,11181963.0,1.57
2016-01-30,17635.0,179310.0,11181963.0,1.6
2016-02-06,19309.0,174000.0,11181963.0,1.56
2016-02-13,16967.0,174666.0,11181963.0,1.56
2016-02-20,15977.0,174913.0,11181963.0,1.56
2016-02-27,16936.0,179585.0,11181963.0,1.61
2016-03-05,17643.0,176560.0,11181963.0,1.58
2016-03-12,16955.0,175285.0,11181963.0,1.57
2016-03-19,16306.0,179249.0,11181963.0,1.6
2016-03-26,17361.0,182931.0,11181963.0,1.64
2016-04-02,16427.0,178756.0,11181963.0,1.6
2016-04-09,19103.0,172637.0,11416813.0,1.51
2016-04-16,16564.0,176156.0,11416813.0,1.54
2016-04-23,16288.0,181331.0,11416813.0,1.59
2016-04-30,16133.0,178982.0,11416813.0,1.57
2016-05-07,17074.0,180372.0,11416813.0,1.58
2016-05-14,17346.0,175739.0,11416813.0,1.54
2016-05-21,17421.0,182079.0,11416813.0,1.59
2016-05-28,17101.0,179596.0,11416813.0,1.57
2016-06-04,16543.0,183745.0,11416813.0,1.61
2016-06-11,17624.0,179754.0,11416813.0,1.57
2016-06-18,17571.0,189644.0,11416813.0,1.66
2016-06-25,17181.0,191054.0,11416813.0,1.67
2016-07-02,16540.0,190291.0,11416813.0,1.67
2016-07-09,16075.0,183095.0,11464998.0,1.6
2016-07-16,17483.0,192200.0,11464998.0,1.68
2016-07-23,15838.0,192281.0,11464998.0,1.68
2016-07-30,14990.0,189988.0,11464998.0,1.66
2016-08-06,16186.0,188295.0,11464998.0,1.64
2016-08-13,15596.0,182533.0,11464998.0,1.59
2016-08-20,15210.0,185052.0,11464998.0,1.61
2016-08-27,14268.0,180016.0,11464998.0,1.57
2016-09-03,15707.0,177039.0,11464998.0,1.54
2016-09-10,13072.0,164760.0,11464998.0,1.44
2016-09-17,14817.0,169348.0,11464998.0,1.48
2016-09-24,14694.0,165962.0,11464998.0,1.45
2016-10-01,14323.0,163680.0,11464998.0,1.43
2016-10-08,16881.0,157796.0,11489518.0,1.37
2016-10-15,14613.0,154824.0,11489518.0,1.35
2016-10-22,15308.0,157801.0,11489518.0,1.37
2016-10-29,15832.0,152512.0,11489518.0,1.33
2016-11-05,17998.0,156476.0,11489518.0,1.36
2016-11-12,15829.0,147819.0,11489518.0,1.29
2016-11-19,18565.0,159339.0,11489518.0,1.39
2016-11-26,10877.0,147856.0,11489518.0,1.29
2016-12-03,20194.0,175613.0,11489518.0,1.53
2016-12-10,15509.0,151207.0,11489518.0,1.32
2016-12-17,15595.0,168225.0,11489518.0,1.46
2016-12-24,13720.0,153582.0,11489518.0,1.34
2016-12-31,11715.0,168717.0,11489518.0,1.47
2017-01-07,21401.0,167019.0,11489518.0,1.45
2017-01-14,17583.0,170051.0,11526467.0,1.48
2017-01-21,15064.0,161675.0,11526467.0,1.4
2017-01-28,15118.0,165892.0,11526467.0,1.44
2017-02-04,15306.0,155865.0,11526467.0,1.35
2017-02-11,14652.0,154824.0,11526467.0,1.34
2017-02-18,13841.0,153292.0,11526467.0,1.33
2017-02-25,12293.0,152877.0,11526467.0,1.33
2017-03-04,13841.0,150379.0,11526467.0,1.3
2017-03-11,14103.0,145929.0,11526467.0,1.27
2017-03-18,13344.0,145769.0,11526467.0,1.26
2017-03-25,15950.0,149911.0,11526467.0,1.3
2017-04-01,13745.0,144323.0,11526467.0,1.25
2017-04-08,16625.0,142058.0,11512952.0,1.23
2017-04-15,13147.0,139357.0,11512952.0,1.21
2017-04-22,13835.0,144889.0,11512952.0,1.26
2017-04-29,13224.0,139968.0,11512952.0,1.22
2017-05-06,14590.0,141653.0,11512952.0,1.23
2017-05-13,14546.0,134071.0,11512952.0,1.16
2017-05-20,15198.0,141368.0,11512952.0,1.23
2017-05-27,15135.0,137165.0,11512952.0,1.19
2017-06-03,14020.0,142868.0,11512952.0,1.24
2017-06-10,15942.0,138526.0,11512952.0,1.2
2017-06-17,15593.0,149920.0,11512952.0,1.3
2017-06-24,15407.0,151376.0,11512952.0,1.31
2017-07-01,14052.0,151427.0,11512952.0,1.32
2017-07-08,13296.0,148194.0,11545879.0,1.28
2017-07-15,14448.0,153336.0,11545879.0,1.33
2017-07-22,13607.0,153020.0,11545879.0,1.33
2017-07-29,13166.0,152941.0,11545879.0,1.32
2017-08-05,14081.0,147742.0,11545879.0,1.28
2017-08-12,13218.0,146399.0,11545879.0,1.27
2017-08-19,13290.0,146555.0,11545879.0,1.27
2017-08-26,12105.0,143964.0,11545879.0,1.25
2017-09-02,63788.0,135605.0,11545879.0,1.17
2017-09-09,52024.0,128496.0,11545879.0,1.11
2017-09-16,28387.0,193355.0,11545879.0,1.67
2017-09-23,20104.0,156703.0,11545879.0,1.36
2017-09-30,17063.0,163562.0,11545879.0,1.42
2017-10-07,16656.0,133903.0,11545879.0,1.16
2017-10-14,14865.0,145286.0,11604324.0,1.25
2017-10-21,15164.0,128786.0,11604324.0,1.11
2017-10-28,14423.0,143632.0,11604324.0,1.24
2017-11-04,14937.0,124127.0,11604324.0,1.07
2017-11-11,14719.0,136990.0,11604324.0,1.18
2017-11-18,15826.0,125798.0,11604324.0,1.08
2017-11-25,10737.0,134210.0,11604324.0,1.16
2017-12-02,19599.0,140371.0,11604324.0,1.21
2017-12-09,14375.0,135717.0,11604324.0,1.17
2017-12-16,14244.0,136339.0,11604324.0,1.17
2017-12-23,14138.0,139198.0,11604324.0,1.2
2017-12-30,9919.0,133078.0,11604324.0,1.15
2018-01-06,14973.0,148901.0,11604324.0,1.28
2018-01-13,20540.0,144179.0,11706892.0,1.23
2018-01-20,12793.0,144349.0,11706892.0,1.23
2018-01-27,14275.0,140604.0,11706892.0,1.2
2018-02-03,14131.0,136766.0,11706892.0,1.17
2018-02-10,13738.0,129893.0,11706892.0,1.11
2018-02-17,13044.0,132190.0,11706892.0,1.13
2018-02-24,11697.0,129920.0,11706892.0,1.11
2018-03-03,12570.0,129999.0,11706892.0,1.11
2018-03-10,12848.0,123876.0,11706892.0,1.06
2018-03-17,11837.0,121792.0,11706892.0,1.04
2018-03-24,14723.0,129028.0,11706892.0,1.1
2018-03-31,11603.0,120161.0,11706892.0,1.03
2018-04-07,15108.0,122403.0,11706892.0,1.05
2018-04-14,12698.0,116302.0,11758426.0,0.99
2018-04-21,12221.0,123990.0,11758426.0,1.05
2018-04-28,12086.0,116000.0,11758426.0,0.99
2018-05-05,13780.0,119587.0,11758426.0,1.02
2018-05-12,13755.0,111246.0,11758426.0,0.95
2018-05-19,13953.0,119249.0,11758426.0,1.01
2018-05-26,12836.0,114482.0,11758426.0,0.97
2018-06-02,12227.0,119288.0,11758426.0,1.01
2018-06-09,14504.0,114916.0,11758426.0,0.98
2018-06-16,14167.0,124031.0,11758426.0,1.05
2018-06-23,13474.0,123164.0,11758426.0,1.05
2018-06-30,13599.0,127099.0,11758426.0,1.08
2018-07-07,13353.0,121374.0,11758426.0,1.03
2018-07-14,13703.0,128248.0,11814674.0,1.09
2018-07-21,12549.0,128927.0,11814674.0,1.09
2018-07-28,11737.0,128021.0,11814674.0,1.08
2018-08-04,12275.0,126064.0,11814674.0,1.07
2018-08-11,11658.0,121012.0,11814674.0,1.02
2018-08-18,11760.0,123315.0,11814674.0,1.04
2018-08-25,11956.0,118707.0,11814674.0,1.0
2018-09-01,11301.0,117867.0,11814674.0,1.0
2018-09-08,10838.0,108307.0,11814674.0,0.92
2018-09-15,11857.0,113501.0,11814674.0,0.96
2018-09-22,10994.0,107078.0,11814674.0,0.91
2018-09-29,10447.0,109704.0,11814674.0,0.93
2018-10-06,11980.0,102275.0,11814674.0,0.87
2018-10-13,11802.0,101178.0,11882030.0,0.85
2018-10-20,12422.0,100658.0,11882030.0,0.85
2018-10-27,12201.0,103365.0,11882030.0,0.87
2018-11-03,12808.0,100698.0,11882030.0,0.85
2018-11-10,14597.0,101478.0,11882030.0,0.85
2018-11-17,15133.0,102757.0,11882030.0,0.86
2018-11-24,9653.0,103598.0,11882030.0,0.87
2018-12-01,17035.0,119851.0,11882030.0,1.01
2018-12-08,14041.0,110762.0,11882030.0,0.93
2018-12-15,13461.0,114652.0,11882030.0,0.96
2018-12-22,13894.0,113231.0,11882030.0,0.95
2018-12-29,9090.0,112980.0,11882030.0,0.95
2019-01-05,12905.0,123402.0,11882030.0,1.04
2019-01-12,20493.0,129887.0,11941735.0,1.09
2019-01-19,17453.0,128985.0,11941735.0,1.08
2019-01-26,12479.0,123476.0,11941735.0,1.03
2019-02-02,14161.0,121027.0,11941735.0,1.01
2019-02-09,13526.0,115008.0,11941735.0,0.96
2019-02-16,12388.0,117176.0,11941735.0,0.98
2019-02-23,11766.0,117832.0,11941735.0,0.99
2019-03-02,12099.0,116340.0,11941735.0,0.97
2019-03-09,12760.0,112808.0,11941735.0,0.94
2019-03-16,11580.0,113456.0,11941735.0,0.95
2019-03-23,14382.0,117994.0,11941735.0,0.99
2019-03-30,12327.0,113639.0,11941735.0,0.95
2019-04-06,13093.0,111714.0,11941735.0,0.94
2019-03-16,11580.0,113456.0,11941735.0,0.95
2019-03-23,14382.0,117994.0,11941735.0,0.99
2019-03-30,12327.0,113639.0,11941735.0,0.95
2019-04-06,13093.0,111714.0,11941735.0,0.94
